NA,NA,NA,NA,NA,NA,NA,NA,NA,NA,NA,NA,NA,NA,NA,NA,NA,NA,NA,NA,NA,NA,  8.61166E-03,  8.78751E-03,  8.93451E-03,  9.04881E-03,  9.12756E-03,  9.16929E-03,  9.17412E-03,  9.14387E-03,  9.08202E-03,  8.99350E-03,  8.88441E-03,  8.76151E-03,  8.63175E-03,  8.50174E-03,  8.37719E-03,  8.26258E-03,  8.16071E-03,  8.07257E-03,  7.99724E-03,  7.93188E-03,  7.87200E-03,  7.81174E-03,  7.74429E-03,  7.66243E-03,  7.55906E-03,  7.42776E-03,  7.26329E-03,  7.06192E-03,  6.82175E-03,  6.54271E-03,  6.22651E-03,  5.87644E-03,  5.49701E-03,  5.09364E-03,NA,NA,NA,NA,NA,NA,NA,NA,NA,NA,NA,NA,NA,NA,NA,NA,NA,NA,NA,NA,NA,NA,NA,NA,NA,NA,NA,NA,NA,NA,NA,NA,NA,NA,NA,NA,NA,NA,NA,NA,NA,NA,
NA,NA,NA,NA,NA,NA,NA,NA,NA,NA,NA,NA,NA,NA,NA,NA,NA,NA,NA,NA,  8.79437E-03,  9.05591E-03,  9.29578E-03,  9.50751E-03,  9.68497E-03,  9.82283E-03,  9.91704E-03,  9.96535E-03,  9.96763E-03,  9.92609E-03,  9.84525E-03,  9.73167E-03,  9.59351E-03,  9.43988E-03,  9.28018E-03,  9.12330E-03,  8.97700E-03,  8.84729E-03,  8.73800E-03,  8.65049E-03,  8.58353E-03,  8.53337E-03,  8.49398E-03,  8.45747E-03,  8.41465E-03,  8.35577E-03,  8.27121E-03,  8.15232E-03,  7.99203E-03,  7.78543E-03,  7.53004E-03,  7.22595E-03,  6.87560E-03,  6.48347E-03,  6.05566E-03,  5.59928E-03,  5.12199E-03,  4.63150E-03,NA,NA,NA,NA,NA,NA,NA,NA,NA,NA,NA,NA,NA,NA,NA,NA,NA,NA,NA,NA,NA,NA,NA,NA,NA,NA,NA,NA,NA,NA,NA,NA,NA,NA,NA,NA,NA,NA,NA,NA,
NA,NA,NA,NA,NA,NA,NA,NA,NA,NA,NA,NA,NA,NA,NA,NA,NA,NA,  8.79564E-03,  9.13353E-03,  9.46299E-03,  9.77664E-03,  1.00663E-02,  1.03235E-02,  1.05399E-02,  1.07079E-02,  1.08219E-02,  1.08783E-02,  1.08765E-02,  1.08191E-02,  1.07121E-02,  1.05642E-02,  1.03864E-02,  1.01910E-02,  9.99072E-03,  9.79767E-03,  9.62232E-03,  9.47280E-03,  9.35431E-03,  9.26871E-03,  9.21441E-03,  9.18642E-03,  9.17667E-03,  9.17451E-03,  9.16756E-03,  9.14256E-03,  9.08647E-03,  8.98755E-03,  8.83629E-03,  8.62617E-03,  8.35406E-03,  8.02035E-03,  7.62862E-03,  7.18515E-03,  6.69820E-03,  6.17727E-03,  5.63232E-03,  5.07320E-03,  4.50915E-03,  3.94844E-03,NA,NA,NA,NA,NA,NA,NA,NA,NA,NA,NA,NA,NA,NA,NA,NA,NA,NA,NA,NA,NA,NA,NA,NA,NA,NA,NA,NA,NA,NA,NA,NA,NA,NA,NA,NA,NA,NA,
NA,NA,NA,NA,NA,NA,NA,NA,NA,NA,NA,NA,NA,NA,NA,NA,NA,  9.01349E-03,  9.41241E-03,  9.81281E-03,  1.02070E-02,  1.05858E-02,  1.09386E-02,  1.12541E-02,  1.15209E-02,  1.17284E-02,  1.18683E-02,  1.19351E-02,  1.19273E-02,  1.18481E-02,  1.17051E-02,  1.15101E-02,  1.12780E-02,  1.10255E-02,  1.07701E-02,  1.05281E-02,  1.03137E-02,  1.01379E-02,  1.00077E-02,  9.92575E-03,  9.88992E-03,  9.89362E-03,  9.92604E-03,  9.97288E-03,  1.00173E-02,  1.00413E-02,  1.00271E-02,  9.95866E-03,  9.82311E-03,  9.61179E-03,  9.32084E-03,  8.95124E-03,  8.50835E-03,  8.00108E-03,  7.44083E-03,  6.84036E-03,  6.21275E-03,  5.57062E-03,  4.92548E-03,  4.28737E-03,  3.66469E-03,NA,NA,NA,NA,NA,NA,NA,NA,NA,NA,NA,NA,NA,NA,NA,NA,NA,NA,NA,NA,NA,NA,NA,NA,NA,NA,NA,NA,NA,NA,NA,NA,NA,NA,NA,NA,NA,
NA,NA,NA,NA,NA,NA,NA,NA,NA,NA,NA,NA,NA,NA,NA,  8.72377E-03,  9.16061E-03,  9.61622E-03,  1.00858E-02,  1.05623E-02,  1.10368E-02,  1.14976E-02,  1.19312E-02,  1.23224E-02,  1.26556E-02,  1.29158E-02,  1.30905E-02,  1.31714E-02,  1.31554E-02,  1.30462E-02,  1.28537E-02,  1.25939E-02,  1.22871E-02,  1.19565E-02,  1.16258E-02,  1.13172E-02,  1.10500E-02,  1.08390E-02,  1.06937E-02,  1.06176E-02,  1.06081E-02,  1.06565E-02,  1.07483E-02,  1.08643E-02,  1.09816E-02,  1.10757E-02,  1.11221E-02,  1.10987E-02,  1.09881E-02,  1.07786E-02,  1.04656E-02,  1.00513E-02,  9.54366E-03,  8.95569E-03,  8.30324E-03,  7.60361E-03,  6.87410E-03,  6.13086E-03,  5.38821E-03,  4.65824E-03,  3.95072E-03,  3.27317E-03,  2.63106E-03,NA,NA,NA,NA,NA,NA,NA,NA,NA,NA,NA,NA,NA,NA,NA,NA,NA,NA,NA,NA,NA,NA,NA,NA,NA,NA,NA,NA,NA,NA,NA,NA,NA,NA,NA,
NA,NA,NA,NA,NA,NA,NA,NA,NA,NA,NA,NA,NA,NA,  8.75815E-03,  9.23105E-03,  9.73439E-03,  1.02655E-02,  1.08196E-02,  1.13892E-02,  1.19634E-02,  1.25283E-02,  1.30663E-02,  1.35571E-02,  1.39791E-02,  1.43109E-02,  1.45339E-02,  1.46348E-02,  1.46083E-02,  1.44579E-02,  1.41971E-02,  1.38477E-02,  1.34379E-02,  1.29997E-02,  1.25657E-02,  1.21663E-02,  1.18274E-02,  1.15690E-02,  1.14037E-02,  1.13364E-02,  1.13638E-02,  1.14745E-02,  1.16493E-02,  1.18624E-02,  1.20828E-02,  1.22764E-02,  1.24096E-02,  1.24517E-02,  1.23787E-02,  1.21749E-02,  1.18350E-02,  1.13629E-02,  1.07715E-02,  1.00795E-02,  9.30933E-03,  8.48468E-03,  7.62842E-03,  6.76125E-03,  5.90088E-03,  5.06169E-03,  4.25480E-03,  3.48835E-03,  2.76785E-03,  2.09667E-03,NA,NA,NA,NA,NA,NA,NA,NA,NA,NA,NA,NA,NA,NA,NA,NA,NA,NA,NA,NA,NA,NA,NA,NA,NA,NA,NA,NA,NA,NA,NA,NA,NA,NA,
NA,NA,NA,NA,NA,NA,NA,NA,NA,NA,NA,NA,NA,  8.72786E-03,  9.22463E-03,  9.76266E-03,  1.03422E-02,  1.09618E-02,  1.16170E-02,  1.23000E-02,  1.29989E-02,  1.36965E-02,  1.43706E-02,  1.49942E-02,  1.55369E-02,  1.59680E-02,  1.62593E-02,  1.63901E-02,  1.63505E-02,  1.61440E-02,  1.57885E-02,  1.53144E-02,  1.47614E-02,  1.41743E-02,  1.35981E-02,  1.30744E-02,  1.26380E-02,  1.23154E-02,  1.21235E-02,  1.20688E-02,  1.21473E-02,  1.23442E-02,  1.26344E-02,  1.29833E-02,  1.33487E-02,  1.36836E-02,  1.39408E-02,  1.40773E-02,  1.40594E-02,  1.38660E-02,  1.34910E-02,  1.29422E-02,  1.22395E-02,  1.14107E-02,  1.04880E-02,  9.50388E-03,  8.48872E-03,  7.46890E-03,  6.46604E-03,  5.49692E-03,  4.57381E-03,  3.70509E-03,  2.89587E-03,  2.14873E-03,  1.46423E-03,NA,NA,NA,NA,NA,NA,NA,NA,NA,NA,NA,NA,NA,NA,NA,NA,NA,NA,NA,NA,NA,NA,NA,NA,NA,NA,NA,NA,NA,NA,NA,NA,NA,
NA,NA,NA,NA,NA,NA,NA,NA,NA,NA,NA,NA,  8.64027E-03,  9.14730E-03,  9.70431E-03,  1.03148E-02,  1.09810E-02,  1.17033E-02,  1.24787E-02,  1.33002E-02,  1.41548E-02,  1.50226E-02,  1.58757E-02,  1.66782E-02,  1.73877E-02,  1.79592E-02,  1.83501E-02,  1.85269E-02,  1.84722E-02,  1.81887E-02,  1.77007E-02,  1.70515E-02,  1.62981E-02,  1.55037E-02,  1.47311E-02,  1.40368E-02,  1.34676E-02,  1.30582E-02,  1.28304E-02,  1.27930E-02,  1.29413E-02,  1.32567E-02,  1.37067E-02,  1.42454E-02,  1.48152E-02,  1.53509E-02,  1.57855E-02,  1.60576E-02,  1.61192E-02,  1.59415E-02,  1.55180E-02,  1.48634E-02,  1.40090E-02,  1.29970E-02,  1.18737E-02,  1.06841E-02,  9.46839E-03,  8.25981E-03,  7.08431E-03,  5.96085E-03,  4.90229E-03,  3.91654E-03,  3.00759E-03,  2.17653E-03,  1.42229E-03,  7.42349E-04,  1.33168E-04, -4.09392E-04, -8.89811E-04,NA,NA,NA,NA,NA,NA,NA,NA,NA,NA,NA,NA,NA,NA,NA,NA,NA,NA,NA,NA,NA,NA,NA,NA,NA,NA,NA,NA,NA,
NA,NA,NA,NA,NA,NA,NA,NA,NA,NA,NA,  8.50664E-03,  9.01054E-03,  9.57006E-03,  1.01917E-02,  1.08816E-02,  1.16450E-02,  1.24854E-02,  1.34028E-02,  1.43922E-02,  1.54413E-02,  1.65280E-02,  1.76181E-02,  1.86646E-02,  1.96083E-02,  2.03826E-02,  2.09218E-02,  2.11717E-02,  2.11015E-02,  2.07115E-02,  2.00358E-02,  1.91379E-02,  1.81010E-02,  1.70161E-02,  1.59711E-02,  1.50430E-02,  1.42932E-02,  1.37664E-02,  1.34902E-02,  1.34759E-02,  1.37185E-02,  1.41954E-02,  1.48656E-02,  1.56690E-02,  1.65277E-02,  1.73502E-02,  1.80401E-02,  1.85080E-02,  1.86836E-02,  1.85269E-02,  1.80323E-02,  1.72263E-02,  1.61600E-02,  1.48978E-02,  1.35071E-02,  1.20502E-02,  1.05799E-02,  9.13756E-03,  7.75317E-03,  6.44705E-03,  5.23157E-03,  4.11296E-03,  3.09298E-03,  2.17027E-03,  1.34132E-03,  6.01298E-04, -5.54319E-05, -6.34885E-04, -1.14319E-03, -1.58642E-03, -1.97043E-03, -2.30081E-03, -2.58282E-03,NA,NA,NA,NA,NA,NA,NA,NA,NA,NA,NA,NA,NA,NA,NA,NA,NA,NA,NA,NA,NA,NA,NA,NA,NA,
NA,NA,NA,NA,NA,NA,NA,NA,NA,NA,  8.34065E-03,  8.82975E-03,  9.37658E-03,  9.98991E-03,  1.06792E-02,  1.14544E-02,  1.23250E-02,  1.32992E-02,  1.43822E-02,  1.55737E-02,  1.68645E-02,  1.82327E-02,  1.96385E-02,  2.10213E-02,  2.22990E-02,  2.33724E-02,NA,NA,NA,NA,NA,NA,  2.02398E-02,  1.87447E-02,  1.73211E-02,  1.60728E-02,  1.50787E-02,  1.43940E-02,  1.40522E-02,  1.40677E-02,  1.44355E-02,  1.51303E-02,  1.61026E-02,  1.72756E-02,  1.85442E-02,  1.97798E-02,NA,NA,NA,NA,NA,NA,  1.87964E-02,  1.71860E-02,  1.54341E-02,  1.36271E-02,  1.18329E-02,  1.01012E-02,  8.46512E-03,  6.94435E-03,  5.54872E-03,  4.28095E-03,  3.13898E-03,  2.11766E-03,  1.21003E-03,  4.08152E-04, -2.96305E-04, -9.11694E-04, -1.44614E-03, -1.90742E-03, -2.30281E-03, -2.63914E-03, -2.92270E-03, -3.15929E-03, -3.35418E-03, -3.51220E-03,NA,NA,NA,NA,NA,NA,NA,NA,NA,NA,NA,NA,NA,NA,NA,NA,NA,NA,NA,NA,NA,NA,
NA,NA,NA,NA,NA,NA,NA,NA,NA,  8.15656E-03,  8.62206E-03,  9.14402E-03,  9.73255E-03,  1.03993E-02,  1.11575E-02,  1.20217E-02,  1.30074E-02,  1.41299E-02,  1.54026E-02,  1.68339E-02,  1.84225E-02,  2.01513E-02,  2.19785E-02,  2.38294E-02,NA,NA,NA,NA,NA,NA,NA,NA,NA,NA,NA,  1.70905E-02,  1.57687E-02,  1.48741E-02,  1.44442E-02,  1.44960E-02,  1.50269E-02,  1.60116E-02,  1.73950E-02,NA,NA,NA,NA,NA,NA,NA,NA,NA,NA,NA,  1.77045E-02,  1.54364E-02,  1.32302E-02,  1.11422E-02,  9.20529E-03,  7.43500E-03,  5.83532E-03,  4.40268E-03,  3.12896E-03,  2.00361E-03,  1.01496E-03,  1.51045E-04, -5.99831E-04, -1.24884E-03, -1.80645E-03, -2.28239E-03, -2.68558E-03, -3.02419E-03, -3.30565E-03, -3.53667E-03, -3.72334E-03, -3.87112E-03, -3.98490E-03, -4.06908E-03,NA,NA,NA,NA,NA,NA,NA,NA,NA,NA,NA,NA,NA,NA,NA,NA,NA,NA,NA,NA,
NA,NA,NA,NA,NA,NA,NA,NA,NA,  8.40410E-03,  8.89309E-03,  9.44488E-03,  1.00720E-02,  1.07894E-02,  1.16147E-02,  1.25685E-02,  1.36738E-02,  1.49557E-02,  1.64400E-02,  1.81496E-02,  2.00990E-02,  2.22853E-02,NA,NA,NA,NA,NA,NA,NA,NA,NA,NA,NA,NA,NA,NA,  1.62814E-02,  1.51124E-02,  1.45654E-02,  1.46585E-02,  1.53950E-02,  1.67573E-02,NA,NA,NA,NA,NA,NA,NA,NA,NA,NA,NA,NA,NA,NA,  1.47626E-02,  1.22401E-02,  9.94833E-03,  7.89271E-03,  6.06620E-03,  4.45506E-03,  3.04234E-03,  1.81006E-03,  7.40395E-04, -1.83588E-04, -9.77656E-04, -1.65627E-03, -2.23260E-03, -2.71854E-03, -3.12482E-03, -3.46106E-03, -3.73591E-03, -3.95708E-03, -4.13147E-03, -4.26520E-03, -4.36372E-03, -4.43187E-03, -4.47390E-03, -4.49359E-03,NA,NA,NA,NA,NA,NA,NA,NA,NA,NA,NA,NA,NA,NA,NA,NA,NA,NA,
NA,NA,NA,NA,NA,NA,NA,NA,  8.19014E-03,  8.64245E-03,  9.15097E-03,  9.72789E-03,  1.03883E-02,  1.11506E-02,  1.20376E-02,  1.30766E-02,  1.43000E-02,  1.57461E-02,  1.74574E-02,  1.94794E-02,  2.18543E-02,NA,NA,NA,NA,NA,NA,NA,NA,NA,NA,NA,NA,NA,NA,NA,NA,NA,  1.42799E-02,NA,NA,NA,NA,NA,NA,NA,NA,NA,NA,NA,NA,NA,NA,NA,NA,NA,NA,  1.33565E-02,  1.06549E-02,  8.28048E-03,  6.20822E-03,  4.40922E-03,  2.85431E-03,  1.51584E-03,  3.68397E-04, -6.10927E-04, -1.44260E-03, -2.14480E-03, -2.73366E-03, -3.22346E-03, -3.62685E-03, -3.95500E-03, -4.21782E-03, -4.42406E-03, -4.58143E-03, -4.69675E-03, -4.77600E-03, -4.82444E-03, -4.84669E-03, -4.84677E-03, -4.82819E-03,NA,NA,NA,NA,NA,NA,NA,NA,NA,NA,NA,NA,NA,NA,NA,NA,NA,
NA,NA,NA,NA,NA,NA,NA,  7.99077E-03,  8.40674E-03,  8.87073E-03,  9.39363E-03,  9.98926E-03,  1.06751E-02,  1.14733E-02,  1.24118E-02,  1.35252E-02,  1.48572E-02,  1.64614E-02,  1.84027E-02,  2.07581E-02,NA,NA,NA,NA,NA,NA,NA,NA,NA,NA,NA,NA,NA,NA,NA,NA,NA,NA,NA,NA,NA,NA,NA,NA,NA,NA,NA,NA,NA,NA,NA,NA,NA,NA,NA,NA,NA,NA,  1.12679E-02,  8.54888E-03,  6.21962E-03,  4.23028E-03,  2.53589E-03,  1.09692E-03, -1.21002E-04, -1.14757E-03, -2.00847E-03, -2.72590E-03, -3.31917E-03, -3.80505E-03, -4.19817E-03, -4.51133E-03, -4.75571E-03, -4.94108E-03, -5.07600E-03, -5.16793E-03, -5.22339E-03, -5.24804E-03, -5.24682E-03, -5.22399E-03, -5.18324E-03, -5.12776E-03, -5.06029E-03,NA,NA,NA,NA,NA,NA,NA,NA,NA,NA,NA,NA,NA,NA,NA,
NA,NA,NA,NA,NA,NA,NA,  8.19562E-03,  8.61825E-03,  9.08924E-03,  9.62029E-03,  1.02265E-02,  1.09275E-02,  1.17488E-02,  1.27230E-02,  1.38928E-02,  1.53129E-02,  1.70544E-02,  1.92086E-02,NA,NA,NA,NA,NA,NA,NA,NA,NA,NA,NA,NA,NA,NA,NA,NA,NA,NA,NA,NA,NA,NA,NA,NA,NA,NA,NA,NA,NA,NA,NA,NA,NA,NA,NA,NA,NA,NA,NA,NA,  8.63526E-03,  6.05007E-03,  3.87782E-03,  2.05448E-03,  5.26835E-04, -7.49388E-04, -1.81121E-03, -2.68979E-03, -3.41153E-03, -3.99893E-03, -4.47132E-03, -4.84532E-03, -5.13533E-03, -5.35378E-03, -5.51147E-03, -5.61774E-03, -5.68069E-03, -5.70733E-03, -5.70369E-03, -5.67498E-03, -5.62566E-03, -5.55956E-03, -5.47996E-03, -5.38964E-03, -5.29096E-03,NA,NA,NA,NA,NA,NA,NA,NA,NA,NA,NA,NA,NA,NA,
NA,NA,NA,NA,NA,NA,  8.01354E-03,  8.40116E-03,  8.82690E-03,  9.29983E-03,  9.83197E-03,  1.04393E-02,  1.11428E-02,  1.19705E-02,  1.29595E-02,  1.41589E-02,  1.56344E-02,  1.74740E-02,  1.97964E-02,NA,NA,NA,NA,NA,NA,NA,NA,NA,NA,NA,NA,NA,NA,NA,NA,NA,NA,NA,NA,NA,NA,NA,NA,NA,NA,NA,NA,NA,NA,NA,NA,NA,NA,NA,NA,NA,NA,NA,NA,  8.46495E-03,  5.64216E-03,  3.30717E-03,  1.37487E-03, -2.22468E-04, -1.53935E-03, -2.62017E-03, -3.50149E-03, -4.21383E-03, -4.78283E-03, -5.23027E-03, -5.57472E-03, -5.83209E-03, -6.01603E-03, -6.13829E-03, -6.20897E-03, -6.23672E-03, -6.22900E-03, -6.19214E-03, -6.13158E-03, -6.05192E-03, -5.95710E-03, -5.85041E-03, -5.73464E-03, -5.61214E-03, -5.48486E-03,NA,NA,NA,NA,NA,NA,NA,NA,NA,NA,NA,NA,NA,
NA,NA,NA,NA,NA,NA,  8.22105E-03,  8.61103E-03,  9.03656E-03,  9.50633E-03,  1.00321E-02,  1.06300E-02,  1.13216E-02,  1.21363E-02,  1.31139E-02,  1.43084E-02,  1.57937E-02,  1.76720E-02,NA,NA,NA,NA,NA,NA,NA,NA,NA,NA,NA,NA,NA,NA,NA,NA,NA,NA,NA,NA,NA,NA,NA,NA,NA,NA,NA,NA,NA,NA,NA,NA,NA,NA,NA,NA,NA,NA,NA,NA,NA,NA,  4.93443E-03,  2.47166E-03,  4.60883E-04, -1.17956E-03, -2.51374E-03, -3.59286E-03, -4.45848E-03, -5.14488E-03, -5.68060E-03, -6.08970E-03, -6.39253E-03, -6.60641E-03, -6.74613E-03, -6.82428E-03, -6.85163E-03, -6.83734E-03, -6.78919E-03, -6.71379E-03, -6.61670E-03, -6.50263E-03, -6.37550E-03, -6.23863E-03, -6.09473E-03, -5.94607E-03, -5.79453E-03, -5.64163E-03,NA,NA,NA,NA,NA,NA,NA,NA,NA,NA,NA,NA,
NA,NA,NA,NA,NA,NA,  8.43934E-03,  8.83033E-03,  9.25295E-03,  9.71499E-03,  1.02273E-02,  1.08051E-02,  1.14695E-02,  1.22496E-02,  1.31859E-02,  1.43345E-02,  1.57735E-02,  1.76131E-02,NA,NA,NA,NA,NA,NA,NA,NA,NA,NA,NA,NA,NA,NA,NA,NA,NA,NA,NA,NA,NA,NA,NA,NA,NA,NA,NA,NA,NA,NA,NA,NA,NA,NA,NA,NA,NA,NA,NA,NA,NA,NA,  3.86609E-03,  1.32563E-03, -7.22743E-04, -2.37224E-03, -3.69481E-03, -4.74725E-03, -5.57529E-03, -6.21639E-03, -6.70162E-03, -7.05700E-03, -7.30449E-03, -7.46267E-03, -7.54729E-03, -7.57170E-03, -7.54723E-03, -7.48341E-03, -7.38829E-03, -7.26863E-03, -7.13005E-03, -6.97725E-03, -6.81412E-03, -6.64385E-03, -6.46906E-03, -6.29189E-03, -6.11407E-03, -5.93697E-03, -5.76170E-03,NA,NA,NA,NA,NA,NA,NA,NA,NA,NA,NA,
NA,NA,NA,NA,NA,  8.30442E-03,  8.67397E-03,  9.06571E-03,  9.48388E-03,  9.93476E-03,  1.04275E-02,  1.09754E-02,  1.15976E-02,  1.23213E-02,  1.31850E-02,  1.42432E-02,  1.55732E-02,  1.72851E-02,NA,NA,NA,NA,NA,NA,NA,NA,NA,NA,NA,NA,NA,NA,NA,NA,NA,NA,NA,NA,NA,NA,NA,NA,NA,NA,NA,NA,NA,NA,NA,NA,NA,NA,NA,NA,NA,NA,NA,NA,NA,NA,  2.38269E-03, -1.72136E-04, -2.20828E-03, -3.82637E-03, -5.10353E-03, -6.10040E-03, -6.86575E-03, -7.43949E-03, -7.85468E-03, -8.13902E-03, -8.31579E-03, -8.40464E-03, -8.42213E-03, -8.38223E-03, -8.29667E-03, -8.17526E-03, -8.02617E-03, -7.85619E-03, -7.67090E-03, -7.47490E-03, -7.27191E-03, -7.06498E-03, -6.85652E-03, -6.64847E-03, -6.44236E-03, -6.23938E-03, -6.04043E-03, -5.84619E-03,NA,NA,NA,NA,NA,NA,NA,NA,NA,NA,
NA,NA,NA,NA,  8.19557E-03,  8.55554E-03,  8.93167E-03,  9.32545E-03,  9.73937E-03,  1.01776E-02,  1.06467E-02,  1.11570E-02,  1.17241E-02,  1.23712E-02,  1.31322E-02,  1.40561E-02,  1.52137E-02,  1.67064E-02,NA,NA,NA,NA,NA,NA,NA,NA,NA,NA,NA,NA,NA,NA,NA,NA,NA,NA,NA,NA,NA,NA,NA,NA,NA,NA,NA,NA,NA,NA,NA,NA,NA,NA,NA,NA,NA,NA,NA,NA,NA,NA,  4.41434E-04, -2.05557E-03, -4.02348E-03, -5.56498E-03, -6.75906E-03, -7.66819E-03, -8.34284E-03, -8.82457E-03, -9.14794E-03, -9.34193E-03, -9.43091E-03, -9.43539E-03, -9.37257E-03, -9.25685E-03, -9.10020E-03, -8.91256E-03, -8.70207E-03, -8.47541E-03, -8.23800E-03, -7.99418E-03, -7.74745E-03, -7.50056E-03, -7.25566E-03, -7.01441E-03, -6.77807E-03, -6.54757E-03, -6.32358E-03, -6.10655E-03,NA,NA,NA,NA,NA,NA,NA,NA,NA,NA,
NA,NA,NA,NA,  8.46054E-03,  8.83387E-03,  9.22022E-03,  9.61938E-03,  1.00317E-02,  1.04585E-02,  1.09030E-02,  1.13714E-02,  1.18742E-02,  1.24285E-02,  1.30610E-02,  1.38116E-02,  1.47392E-02,  1.59290E-02,NA,NA,NA,NA,NA,NA,NA,NA,NA,NA,NA,NA,NA,NA,NA,NA,NA,NA,NA,NA,NA,NA,NA,NA,NA,NA,NA,NA,NA,NA,NA,NA,NA,NA,NA,NA,NA,NA,NA,NA,NA,NA, -1.98548E-03, -4.34980E-03, -6.19094E-03, -7.60811E-03, -8.67883E-03, -9.46534E-03, -1.00187E-02, -1.03813E-02, -1.05888E-02, -1.06711E-02, -1.06535E-02, -1.05571E-02, -1.03997E-02, -1.01957E-02, -9.95725E-03, -9.69423E-03, -9.41455E-03, -9.12463E-03, -8.82953E-03, -8.53324E-03, -8.23886E-03, -7.94875E-03, -7.66471E-03, -7.38801E-03, -7.11958E-03, -6.86004E-03, -6.60976E-03, -6.36893E-03, -6.13759E-03,NA,NA,NA,NA,NA,NA,NA,NA,NA,
NA,NA,NA,  8.37404E-03,  8.75393E-03,  9.14595E-03,  9.54825E-03,  9.95872E-03,  1.03751E-02,  1.07955E-02,  1.12188E-02,  1.16459E-02,  1.20808E-02,  1.25326E-02,  1.30181E-02,  1.35650E-02,  1.42164E-02,  1.50362E-02,NA,NA,NA,NA,NA,NA,NA,NA,NA,NA,NA,NA,NA,NA,NA,NA,NA,NA,NA,NA,NA,NA,NA,NA,NA,NA,NA,NA,NA,NA,NA,NA,NA,NA,NA,NA,NA,NA,NA,NA,NA,NA,NA,NA,NA,NA,NA,NA,NA,NA, -1.21838E-02, -1.21311E-02, -1.19863E-02, -1.17711E-02, -1.15034E-02, -1.11979E-02, -1.08663E-02, -1.05183E-02, -1.01614E-02, -9.80143E-03, -9.44303E-03, -9.08961E-03, -8.74375E-03, -8.40728E-03, -8.08151E-03, -7.76726E-03, -7.46504E-03, -7.17508E-03, -6.89740E-03, -6.63187E-03, -6.37825E-03, -6.13621E-03,NA,NA,NA,NA,NA,NA,NA,NA,
NA,NA,  8.28247E-03,  8.67443E-03,  9.08058E-03,  9.49850E-03,  9.92494E-03,  1.03557E-02,  1.07858E-02,  1.12094E-02,  1.16205E-02,  1.20136E-02,  1.23846E-02,  1.27328E-02,  1.30629E-02,  1.33879E-02,  1.37323E-02,  1.41359E-02,NA,NA,NA,NA,NA,NA,NA,NA,NA,NA,NA,NA,NA,NA,NA,NA,NA,NA,NA,NA,NA,NA,NA,NA,NA,NA,NA,NA,NA,NA,NA,NA,NA,NA,NA,NA,NA,NA,NA,NA,NA,NA,NA,NA,NA,NA,NA,NA,NA,NA,NA,NA,NA, -1.30773E-02, -1.26827E-02, -1.22613E-02, -1.18247E-02, -1.13818E-02, -1.09393E-02, -1.05026E-02, -1.00753E-02, -9.66025E-03, -9.25923E-03, -8.87343E-03, -8.50354E-03, -8.14984E-03, -7.81231E-03, -7.49073E-03, -7.18471E-03, -6.89376E-03, -6.61730E-03, -6.35474E-03,NA,NA,NA,NA,NA,NA,NA,NA,
NA,NA,  8.58070E-03,  9.00472E-03,  9.44490E-03,  9.89804E-03,  1.03596E-02,  1.08233E-02,  1.12812E-02,  1.17234E-02,  1.21383E-02,  1.25129E-02,  1.28337E-02,  1.30884E-02,  1.32675E-02,  1.33669E-02,  1.33907E-02,  1.33539E-02,NA,NA,NA,NA,NA,NA,NA,NA,NA,NA,NA,NA,NA,NA,NA,NA,NA,NA,NA,NA,NA,NA,NA,NA,NA,NA,NA,NA,NA,NA,NA,NA,NA,NA,NA,NA,NA,NA,NA,NA,NA,NA,NA,NA,NA,NA,NA,NA,NA,NA,NA,NA,NA,NA,NA, -1.33827E-02, -1.28286E-02, -1.22805E-02, -1.17443E-02, -1.12240E-02, -1.07225E-02, -1.02414E-02, -9.78184E-03, -9.34401E-03, -8.92790E-03, -8.53310E-03, -8.15899E-03, -7.80483E-03, -7.46975E-03, -7.15284E-03, -6.85318E-03, -6.56982E-03, -6.30186E-03,NA,NA,NA,NA,NA,NA,NA,
NA,  8.46196E-03,  8.90340E-03,  9.36698E-03,  9.85051E-03,  1.03503E-02,  1.08609E-02,  1.13742E-02,  1.18794E-02,  1.23624E-02,  1.28055E-02,  1.31874E-02,  1.34839E-02,  1.36690E-02,  1.37166E-02,  1.36034E-02,  1.33114E-02,  1.28308E-02,NA,NA,NA,NA,NA,NA,NA,NA,NA,NA,NA,NA,NA,NA,NA,NA,NA,NA,NA,NA,NA,NA,NA,NA,NA,NA,NA,NA,NA,NA,NA,NA,NA,NA,NA,NA,NA,NA,NA,NA,NA,NA,NA,NA,NA,NA,NA,NA,NA,NA,NA,NA,NA,NA,NA,NA, -1.38725E-02, -1.32090E-02, -1.25708E-02, -1.19606E-02, -1.13797E-02, -1.08288E-02, -1.03075E-02, -9.81537E-03, -9.35127E-03, -8.91406E-03, -8.50243E-03, -8.11500E-03, -7.75040E-03, -7.40724E-03, -7.08419E-03, -6.77997E-03, -6.49335E-03,NA,NA,NA,NA,NA,NA,NA,
NA,  8.76693E-03,  9.25051E-03,  9.76203E-03,  1.02996E-02,  1.08597E-02,  1.14363E-02,  1.20201E-02,  1.25981E-02,  1.31520E-02,  1.36579E-02,  1.40856E-02,  1.43986E-02,  1.45551E-02,  1.45095E-02,  1.42161E-02,  1.36323E-02,NA,NA,NA,NA,NA,NA,NA,NA,NA,NA,NA,NA,NA,NA,NA,NA,NA,NA,NA,NA,NA,NA,NA,NA,NA,NA,NA,NA,NA,NA,NA,NA,NA,NA,NA,NA,NA,NA,NA,NA,NA,NA,NA,NA,NA,NA,NA,NA,NA,NA,NA,NA,NA,NA,NA,NA,NA,NA, -1.41603E-02, -1.34123E-02, -1.27061E-02, -1.20414E-02, -1.14171E-02, -1.08317E-02, -1.02834E-02, -9.76997E-03, -9.28946E-03, -8.83972E-03, -8.41868E-03, -8.02438E-03, -7.65492E-03, -7.30855E-03, -6.98359E-03, -6.67851E-03, -6.39187E-03,NA,NA,NA,NA,NA,NA,
  8.59102E-03,  9.08802E-03,  9.62056E-03,  1.01891E-02,  1.07926E-02,  1.14285E-02,  1.20910E-02,  1.27708E-02,  1.34533E-02,  1.41170E-02,  1.47324E-02,  1.52598E-02,  1.56490E-02,  1.58397E-02,  1.57630E-02,  1.53456E-02,NA,NA,NA,NA,NA,NA,NA,NA,NA,NA,NA,NA,NA,NA,NA,NA,NA,NA,NA,NA,NA,NA,NA,NA,NA,NA,NA,NA,NA,NA,NA,NA,NA,NA,NA,NA,NA,NA,NA,NA,NA,NA,NA,NA,NA,NA,NA,NA,NA,NA,NA,NA,NA,NA,NA,NA,NA,NA,NA,NA, -1.42607E-02, -1.34532E-02, -1.27008E-02, -1.20005E-02, -1.13492E-02, -1.07434E-02, -1.01800E-02, -9.65575E-03, -9.16774E-03, -8.71313E-03, -8.28929E-03, -7.89380E-03, -7.52441E-03, -7.17907E-03, -6.85590E-03, -6.55316E-03,NA,NA,NA,NA,NA,NA,
  8.87827E-03,  9.42212E-03,  1.00104E-02,  1.06451E-02,  1.13272E-02,  1.20556E-02,  1.28266E-02,  1.36320E-02,  1.44574E-02,  1.52799E-02,  1.60653E-02,  1.67650E-02,  1.73142E-02,  1.76307E-02,NA,NA,NA,NA,NA,NA,NA,NA,NA,NA,NA,NA,NA,NA,NA,NA,NA,NA,NA,NA,NA,NA,NA,NA,NA,NA,NA,NA,NA,NA,NA,NA,NA,NA,NA,NA,NA,NA,NA,NA,NA,NA,NA,NA,NA,NA,NA,NA,NA,NA,NA,NA,NA,NA,NA,NA,NA,NA,NA,NA,NA,NA,NA, -1.41935E-02, -1.33506E-02, -1.25725E-02, -1.18541E-02, -1.11905E-02, -1.05769E-02, -1.00091E-02, -9.48321E-03, -8.99548E-03, -8.54264E-03, -8.12169E-03, -7.72988E-03, -7.36475E-03, -7.02405E-03, -6.70577E-03, -6.40806E-03,NA,NA,NA,NA,NA,
  9.16956E-03,  9.76462E-03,  1.04148E-02,  1.11246E-02,  1.18976E-02,  1.27361E-02,  1.36397E-02,  1.46037E-02,  1.56168E-02,  1.66572E-02,  1.76890E-02,  1.86567E-02,NA,NA,NA,NA,NA,NA,NA,NA,NA,NA,NA,NA,NA,NA,NA,NA,NA,NA,NA,NA,NA,NA,NA,NA,NA,NA,NA,NA,NA,NA,NA,NA,NA,NA,NA,NA,NA,NA,NA,NA,NA,NA,NA,NA,NA,NA,NA,NA,NA,NA,NA,NA,NA,NA,NA,NA,NA,NA,NA,NA,NA,NA,NA,NA,NA,NA, -1.39823E-02, -1.31258E-02, -1.23404E-02, -1.16192E-02, -1.09561E-02, -1.03457E-02, -9.78270E-03, -9.26279E-03, -8.78188E-03, -8.33637E-03, -7.92303E-03, -7.53894E-03, -7.18152E-03, -6.84844E-03, -6.53760E-03,NA,NA,NA,NA,NA,
  9.45968E-03,  1.01093E-02,  1.08266E-02,  1.16191E-02,  1.24945E-02,  1.34598E-02,  1.45204E-02,  1.56781E-02,  1.69283E-02,  1.82555E-02,  1.96273E-02,NA,NA,NA,NA,NA,NA,NA,NA,NA,NA,NA,NA,NA,NA,NA,NA,NA,NA,NA,NA,NA,NA,NA,NA,NA,NA,NA,NA,NA,NA,NA,NA,NA,NA,NA,NA,NA,NA,NA,NA,NA,NA,NA,NA,NA,NA,NA,NA,NA,NA,NA,NA,NA,NA,NA,NA,NA,NA,NA,NA,NA,NA,NA,NA,NA,NA,NA, -1.45866E-02, -1.36525E-02, -1.28012E-02, -1.20239E-02, -1.13129E-02, -1.06612E-02, -1.00627E-02, -9.51205E-03, -9.00444E-03, -8.53565E-03, -8.10195E-03, -7.70001E-03, -7.32688E-03, -6.97993E-03, -6.65681E-03,NA,NA,NA,NA,NA,
  9.74229E-03,  1.04483E-02,  1.12360E-02,  1.21170E-02,  1.31040E-02,  1.42106E-02,  1.54506E-02,  1.68362E-02,  1.83751E-02,  2.00655E-02,NA,NA,NA,NA,NA,NA,NA,NA,NA,NA,NA,NA,NA,NA,NA,NA,NA,NA,NA,NA,NA,NA,NA,NA,NA,NA,NA,NA,NA,NA,NA,NA,NA,NA,NA,NA,NA,NA,NA,NA,NA,NA,NA,NA,NA,NA,NA,NA,NA,NA,NA,NA,NA,NA,NA,NA,NA,NA,NA,NA,NA,NA,NA,NA,NA,NA,NA,NA,NA, -1.41444E-02, -1.32298E-02, -1.23989E-02, -1.16423E-02, -1.09517E-02, -1.03198E-02, -9.74032E-03, -9.20779E-03, -8.71736E-03, -8.26479E-03, -7.84635E-03, -7.45873E-03, -7.09903E-03, -6.76465E-03,NA,NA,NA,NA,NA,
  1.00102E-02,  1.07726E-02,  1.16317E-02,  1.26037E-02,  1.37076E-02,  1.49656E-02,  1.64026E-02,  1.80458E-02,  1.99222E-02,  2.20541E-02,NA,NA,NA,NA,NA,NA,NA,NA,NA,NA,NA,NA,NA,NA,NA,NA,NA,NA,NA,NA,NA,NA,NA,NA,NA,NA,NA,NA,NA,NA,NA,NA,NA,NA,NA,NA,NA,NA,NA,NA,NA,NA,NA,NA,NA,NA,NA,NA,NA,NA,NA,NA,NA,NA,NA,NA,NA,NA,NA,NA,NA,NA,NA,NA,NA,NA,NA,NA,NA, -1.45931E-02, -1.36191E-02, -1.27383E-02, -1.19395E-02, -1.12130E-02, -1.05505E-02, -9.94471E-03, -9.38950E-03, -8.87944E-03, -8.40979E-03, -7.97645E-03, -7.57579E-03, -7.20462E-03, -6.86015E-03, -6.53987E-03,NA,NA,NA,NA,
  1.02554E-02,  1.10719E-02,  1.20002E-02,  1.30619E-02,  1.42830E-02,  1.56957E-02,  1.73388E-02,  1.92591E-02,  2.15111E-02,NA,NA,NA,NA,NA,NA,NA,NA,NA,NA,NA,NA,NA,NA,NA,NA,NA,NA,NA,NA,NA,NA,NA,NA,NA,NA,NA,NA,NA,NA,NA,NA,NA,NA,NA,NA,NA,NA,NA,NA,NA,NA,NA,NA,NA,NA,NA,NA,NA,NA,NA,NA,NA,NA,NA,NA,NA,NA,NA,NA,NA,NA,NA,NA,NA,NA,NA,NA,NA,NA,NA, -1.39622E-02, -1.30365E-02, -1.21999E-02, -1.14414E-02, -1.07516E-02, -1.01225E-02, -9.54731E-03, -9.01995E-03, -8.53531E-03, -8.08892E-03, -7.67685E-03, -7.29568E-03, -6.94240E-03, -6.61436E-03,NA,NA,NA,NA,
  1.04701E-02,  1.13356E-02,  1.23276E-02,  1.34728E-02,  1.48046E-02,  1.63661E-02,  1.82121E-02,  2.04126E-02,  2.30572E-02,NA,NA,NA,NA,NA,NA,NA,NA,NA,NA,NA,NA,NA,NA,NA,NA,NA,NA,NA,NA,NA,NA,NA,NA,NA,NA,NA,NA,NA,NA,NA,NA,NA,NA,NA,NA,NA,NA,NA,NA,NA,NA,NA,NA,NA,NA,NA,NA,NA,NA,NA,NA,NA,NA,NA,NA,NA,NA,NA,NA,NA,NA,NA,NA,NA,NA,NA,NA,NA,NA,NA, -1.42527E-02, -1.32882E-02, -1.24191E-02, -1.16332E-02, -1.09202E-02, -1.02714E-02, -9.67915E-03, -9.13717E-03, -8.63988E-03, -8.18250E-03, -7.76085E-03, -7.37129E-03, -7.01064E-03, -6.67610E-03,NA,NA,NA,NA,
  1.06464E-02,  1.15534E-02,  1.25998E-02,  1.38170E-02,  1.52457E-02,  1.69395E-02,  1.89693E-02,  2.14302E-02,NA,NA,NA,NA,NA,NA,NA,NA,NA,NA,NA,NA,NA,NA,NA,NA,NA,NA,NA,NA,NA,NA,NA,NA,NA,NA,NA,NA,NA,NA,NA,NA,NA,NA,NA,NA,NA,NA,NA,NA,NA,NA,NA,NA,NA,NA,NA,NA,NA,NA,NA,NA,NA,NA,NA,NA,NA,NA,NA,NA,NA,NA,NA,NA,NA,NA,NA,NA,NA,NA,NA,NA, -1.44848E-02, -1.34887E-02, -1.25933E-02, -1.17854E-02, -1.10537E-02, -1.03890E-02, -9.78324E-03, -9.22960E-03, -8.72225E-03, -8.25613E-03, -7.82687E-03, -7.43067E-03, -7.06419E-03, -6.72451E-03,NA,NA,NA,NA,
  1.07775E-02,  1.17161E-02,  1.28040E-02,  1.40767E-02,  1.55809E-02,  1.73792E-02,  1.95565E-02,  2.22306E-02,NA,NA,NA,NA,NA,NA,NA,NA,NA,NA,NA,NA,NA,NA,NA,NA,NA,NA,NA,NA,NA,NA,NA,NA,NA,NA,NA,NA,NA,NA,NA,NA,NA,NA,NA,NA,NA,NA,NA,NA,NA,NA,NA,NA,NA,NA,NA,NA,NA,NA,NA,NA,NA,NA,NA,NA,NA,NA,NA,NA,NA,NA,NA,NA,NA,NA,NA,NA,NA,NA,NA,NA, -1.46534E-02, -1.36341E-02, -1.27195E-02, -1.18953E-02, -1.11501E-02, -1.04738E-02, -9.85814E-03, -9.29604E-03, -8.78139E-03, -8.30895E-03, -7.87420E-03, -7.47319E-03, -7.10251E-03, -6.75913E-03,NA,NA,NA,NA,
  1.08583E-02,  1.18163E-02,  1.29301E-02,  1.42375E-02,  1.57893E-02,  1.76540E-02,  1.99263E-02,  2.27400E-02,NA,NA,NA,NA,NA,NA,NA,NA,NA,NA,NA,NA,NA,NA,NA,NA,NA,NA,NA,NA,NA,NA,NA,NA,NA,NA,NA,NA,NA,NA,NA,NA,NA,NA,NA,NA,NA,NA,NA,NA,NA,NA,NA,NA,NA,NA,NA,NA,NA,NA,NA,NA,NA,NA,NA,NA,NA,NA,NA,NA,NA,NA,NA,NA,NA,NA,NA,NA,NA,NA,NA,NA, -1.47549E-02, -1.37215E-02, -1.27951E-02, -1.19612E-02, -1.12076E-02, -1.05244E-02, -9.90279E-03, -9.33560E-03, -8.81656E-03, -8.34033E-03, -7.90229E-03, -7.49841E-03, -7.12521E-03, -6.77963E-03,NA,NA,NA,NA,
  1.08853E-02,  1.18496E-02,  1.29715E-02,  1.42900E-02,  1.58570E-02,  1.77431E-02,  2.00463E-02,  2.29061E-02,NA,NA,NA,NA,NA,NA,NA,NA,NA,NA,NA,NA,NA,NA,NA,NA,NA,NA,NA,NA,NA,NA,NA,NA,NA,NA,NA,NA,NA,NA,NA,NA,NA,NA,NA,NA,NA,NA,NA,NA,NA,NA,NA,NA,NA,NA,NA,NA,NA,NA,NA,NA,NA,NA,NA,NA,NA,NA,NA,NA,NA,NA,NA,NA,NA,NA,NA,NA,NA,NA,NA,NA, -1.47870E-02, -1.37490E-02, -1.28187E-02, -1.19817E-02, -1.12255E-02, -1.05400E-02, -9.91653E-03, -9.34773E-03, -8.82731E-03, -8.34989E-03, -7.91081E-03, -7.50604E-03, -7.13206E-03, -6.78580E-03,NA,NA,NA,NA,
  1.08576E-02,  1.18143E-02,  1.29263E-02,  1.42313E-02,  1.57797E-02,  1.76398E-02,  1.99058E-02,  2.27110E-02,NA,NA,NA,NA,NA,NA,NA,NA,NA,NA,NA,NA,NA,NA,NA,NA,NA,NA,NA,NA,NA,NA,NA,NA,NA,NA,NA,NA,NA,NA,NA,NA,NA,NA,NA,NA,NA,NA,NA,NA,NA,NA,NA,NA,NA,NA,NA,NA,NA,NA,NA,NA,NA,NA,NA,NA,NA,NA,NA,NA,NA,NA,NA,NA,NA,NA,NA,NA,NA,NA,NA,NA, -1.47488E-02, -1.37159E-02, -1.27900E-02, -1.19565E-02, -1.12033E-02, -1.05204E-02, -9.89915E-03, -9.33225E-03, -8.81348E-03, -8.33750E-03, -7.89968E-03, -7.49600E-03, -7.12299E-03, -6.77758E-03,NA,NA,NA,NA,
  1.07764E-02,  1.17126E-02,  1.27971E-02,  1.40652E-02,  1.55630E-02,  1.73524E-02,  1.95177E-02,  2.21754E-02,NA,NA,NA,NA,NA,NA,NA,NA,NA,NA,NA,NA,NA,NA,NA,NA,NA,NA,NA,NA,NA,NA,NA,NA,NA,NA,NA,NA,NA,NA,NA,NA,NA,NA,NA,NA,NA,NA,NA,NA,NA,NA,NA,NA,NA,NA,NA,NA,NA,NA,NA,NA,NA,NA,NA,NA,NA,NA,NA,NA,NA,NA,NA,NA,NA,NA,NA,NA,NA,NA,NA,NA, -1.46413E-02, -1.36230E-02, -1.27092E-02, -1.18860E-02, -1.11415E-02, -1.04659E-02, -9.85088E-03, -9.28936E-03, -8.77525E-03, -8.30330E-03, -7.86899E-03, -7.46839E-03, -7.09807E-03, -6.75504E-03,NA,NA,NA,NA,
  1.06456E-02,  1.15494E-02,  1.25911E-02,  1.38018E-02,  1.52216E-02,  1.69032E-02,  1.89162E-02,  2.13541E-02,NA,NA,NA,NA,NA,NA,NA,NA,NA,NA,NA,NA,NA,NA,NA,NA,NA,NA,NA,NA,NA,NA,NA,NA,NA,NA,NA,NA,NA,NA,NA,NA,NA,NA,NA,NA,NA,NA,NA,NA,NA,NA,NA,NA,NA,NA,NA,NA,NA,NA,NA,NA,NA,NA,NA,NA,NA,NA,NA,NA,NA,NA,NA,NA,NA,NA,NA,NA,NA,NA,NA,NA, -1.44666E-02, -1.34720E-02, -1.25780E-02, -1.17713E-02, -1.10409E-02, -1.03772E-02, -9.77238E-03, -9.21962E-03, -8.71307E-03, -8.24768E-03, -7.81909E-03, -7.42349E-03, -7.05756E-03, -6.71839E-03,NA,NA,NA,NA,
  1.04707E-02,  1.13324E-02,  1.23189E-02,  1.34563E-02,  1.47776E-02,  1.63244E-02,  1.81502E-02,  2.03233E-02,  2.29304E-02,NA,NA,NA,NA,NA,NA,NA,NA,NA,NA,NA,NA,NA,NA,NA,NA,NA,NA,NA,NA,NA,NA,NA,NA,NA,NA,NA,NA,NA,NA,NA,NA,NA,NA,NA,NA,NA,NA,NA,NA,NA,NA,NA,NA,NA,NA,NA,NA,NA,NA,NA,NA,NA,NA,NA,NA,NA,NA,NA,NA,NA,NA,NA,NA,NA,NA,NA,NA,NA,NA,NA, -1.42286E-02, -1.32660E-02, -1.23988E-02, -1.16146E-02, -1.09031E-02, -1.02557E-02, -9.66473E-03, -9.12392E-03, -8.62770E-03, -8.17129E-03, -7.75052E-03, -7.36177E-03, -7.00185E-03, -6.66798E-03,NA,NA,NA,NA,
  1.02587E-02,  1.10711E-02,  1.19936E-02,  1.30471E-02,  1.42568E-02,  1.56536E-02,  1.72750E-02,  1.91656E-02,  2.13770E-02,NA,NA,NA,NA,NA,NA,NA,NA,NA,NA,NA,NA,NA,NA,NA,NA,NA,NA,NA,NA,NA,NA,NA,NA,NA,NA,NA,NA,NA,NA,NA,NA,NA,NA,NA,NA,NA,NA,NA,NA,NA,NA,NA,NA,NA,NA,NA,NA,NA,NA,NA,NA,NA,NA,NA,NA,NA,NA,NA,NA,NA,NA,NA,NA,NA,NA,NA,NA,NA,NA,NA, -1.39321E-02, -1.30089E-02, -1.21746E-02, -1.14182E-02, -1.07304E-02, -1.01031E-02, -9.52941E-03, -9.00350E-03, -8.52019E-03, -8.07500E-03, -7.66403E-03, -7.28386E-03, -6.93149E-03, -6.60428E-03,NA,NA,NA,NA,
  1.00174E-02,  1.07760E-02,  1.16296E-02,  1.25937E-02,  1.36865E-02,  1.49290E-02,  1.63445E-02,  1.79582E-02,  1.97943E-02,  2.18710E-02,NA,NA,NA,NA,NA,NA,NA,NA,NA,NA,NA,NA,NA,NA,NA,NA,NA,NA,NA,NA,NA,NA,NA,NA,NA,NA,NA,NA,NA,NA,NA,NA,NA,NA,NA,NA,NA,NA,NA,NA,NA,NA,NA,NA,NA,NA,NA,NA,NA,NA,NA,NA,NA,NA,NA,NA,NA,NA,NA,NA,NA,NA,NA,NA,NA,NA,NA,NA,NA, -1.45538E-02, -1.35831E-02, -1.27054E-02, -1.19094E-02, -1.11854E-02, -1.05252E-02, -9.92151E-03, -9.36821E-03, -8.85987E-03, -8.39180E-03, -7.95989E-03, -7.56053E-03, -7.19056E-03, -6.84716E-03, -6.52788E-03,NA,NA,NA,NA,
  9.75490E-03,  1.04579E-02,  1.12410E-02,  1.21151E-02,  1.30923E-02,  1.41851E-02,  1.54058E-02,  1.67647E-02,  1.82669E-02,  1.99070E-02,NA,NA,NA,NA,NA,NA,NA,NA,NA,NA,NA,NA,NA,NA,NA,NA,NA,NA,NA,NA,NA,NA,NA,NA,NA,NA,NA,NA,NA,NA,NA,NA,NA,NA,NA,NA,NA,NA,NA,NA,NA,NA,NA,NA,NA,NA,NA,NA,NA,NA,NA,NA,NA,NA,NA,NA,NA,NA,NA,NA,NA,NA,NA,NA,NA,NA,NA,NA,NA, -1.40988E-02, -1.31881E-02, -1.23608E-02, -1.16075E-02, -1.09198E-02, -1.02905E-02, -9.71351E-03, -9.18319E-03, -8.69476E-03, -8.24402E-03, -7.82723E-03, -7.44112E-03, -7.08279E-03, -6.74966E-03,NA,NA,NA,NA,NA,
  9.47901E-03,  1.01268E-02,  1.08409E-02,  1.16285E-02,  1.24964E-02,  1.34510E-02,  1.44962E-02,  1.56324E-02,  1.68527E-02,  1.81387E-02,  1.94539E-02,NA,NA,NA,NA,NA,NA,NA,NA,NA,NA,NA,NA,NA,NA,NA,NA,NA,NA,NA,NA,NA,NA,NA,NA,NA,NA,NA,NA,NA,NA,NA,NA,NA,NA,NA,NA,NA,NA,NA,NA,NA,NA,NA,NA,NA,NA,NA,NA,NA,NA,NA,NA,NA,NA,NA,NA,NA,NA,NA,NA,NA,NA,NA,NA,NA,NA,NA, -1.45299E-02, -1.36007E-02, -1.27540E-02, -1.19808E-02, -1.12735E-02, -1.06251E-02, -1.00297E-02, -9.48176E-03, -8.97665E-03, -8.51013E-03, -8.07849E-03, -7.67842E-03, -7.30699E-03, -6.96158E-03, -6.63988E-03,NA,NA,NA,NA,NA,
  9.19682E-03,  9.79158E-03,  1.04406E-02,  1.11480E-02,  1.19168E-02,  1.27487E-02,  1.36426E-02,  1.45924E-02,  1.55852E-02,  1.65973E-02,  1.75896E-02,  1.85027E-02,NA,NA,NA,NA,NA,NA,NA,NA,NA,NA,NA,NA,NA,NA,NA,NA,NA,NA,NA,NA,NA,NA,NA,NA,NA,NA,NA,NA,NA,NA,NA,NA,NA,NA,NA,NA,NA,NA,NA,NA,NA,NA,NA,NA,NA,NA,NA,NA,NA,NA,NA,NA,NA,NA,NA,NA,NA,NA,NA,NA,NA,NA,NA,NA,NA,NA, -1.39189E-02, -1.30681E-02, -1.22877E-02, -1.15712E-02, -1.09123E-02, -1.03056E-02, -9.74601E-03, -9.22916E-03, -8.75104E-03, -8.30805E-03, -7.89699E-03, -7.51498E-03, -7.15945E-03, -6.82809E-03, -6.51881E-03,NA,NA,NA,NA,NA,
  8.91439E-03,  9.45983E-03,  1.00493E-02,  1.06846E-02,  1.13665E-02,  1.20936E-02,  1.28615E-02,  1.36616E-02,  1.44787E-02,  1.52887E-02,  1.60557E-02,  1.67293E-02,  1.72416E-02,  1.75058E-02,NA,NA,NA,NA,NA,NA,NA,NA,NA,NA,NA,NA,NA,NA,NA,NA,NA,NA,NA,NA,NA,NA,NA,NA,NA,NA,NA,NA,NA,NA,NA,NA,NA,NA,NA,NA,NA,NA,NA,NA,NA,NA,NA,NA,NA,NA,NA,NA,NA,NA,NA,NA,NA,NA,NA,NA,NA,NA,NA,NA,NA,NA,NA, -1.41167E-02, -1.32809E-02, -1.25091E-02, -1.17964E-02, -1.11378E-02, -1.05289E-02, -9.96525E-03, -9.44305E-03, -8.95870E-03, -8.50891E-03, -8.09071E-03, -7.70140E-03, -7.33854E-03, -6.99991E-03, -6.68350E-03, -6.38749E-03,NA,NA,NA,NA,NA,
  8.63665E-03,  9.13731E-03,  9.67372E-03,  1.02463E-02,  1.08541E-02,  1.14943E-02,  1.21614E-02,  1.28459E-02,  1.35332E-02,  1.42020E-02,  1.48228E-02,  1.53560E-02,  1.57518E-02,  1.59499E-02,  1.58815E-02,  1.54727E-02,NA,NA,NA,NA,NA,NA,NA,NA,NA,NA,NA,NA,NA,NA,NA,NA,NA,NA,NA,NA,NA,NA,NA,NA,NA,NA,NA,NA,NA,NA,NA,NA,NA,NA,NA,NA,NA,NA,NA,NA,NA,NA,NA,NA,NA,NA,NA,NA,NA,NA,NA,NA,NA,NA,NA,NA,NA,NA,NA,NA, -1.41685E-02, -1.33698E-02, -1.26252E-02, -1.19318E-02, -1.12866E-02, -1.06864E-02, -1.01280E-02, -9.60829E-03, -9.12433E-03, -8.67337E-03, -8.25283E-03, -7.86032E-03, -7.49363E-03, -7.15075E-03, -6.82980E-03, -6.52907E-03,NA,NA,NA,NA,NA,NA,
NA,  8.82819E-03,  9.31843E-03,  9.83758E-03,  1.03840E-02,  1.09545E-02,  1.15435E-02,  1.21423E-02,  1.27388E-02,  1.33159E-02,  1.38517E-02,  1.43183E-02,  1.46828E-02,  1.49085E-02,  1.49572E-02,  1.47930E-02,  1.43873E-02,NA,NA,NA,NA,NA,NA,NA,NA,NA,NA,NA,NA,NA,NA,NA,NA,NA,NA,NA,NA,NA,NA,NA,NA,NA,NA,NA,NA,NA,NA,NA,NA,NA,NA,NA,NA,NA,NA,NA,NA,NA,NA,NA,NA,NA,NA,NA,NA,NA,NA,NA,NA,NA,NA,NA,NA,NA,NA, -1.40503E-02, -1.33131E-02, -1.26164E-02, -1.19601E-02, -1.13434E-02, -1.07647E-02, -1.02224E-02, -9.71437E-03, -9.23868E-03, -8.79328E-03, -8.37616E-03, -7.98538E-03, -7.61911E-03, -7.27563E-03, -6.95329E-03, -6.65058E-03, -6.36610E-03,NA,NA,NA,NA,NA,NA,
NA,  8.53510E-03,  8.98594E-03,  9.46068E-03,  9.95760E-03,  1.04737E-02,  1.10042E-02,  1.15425E-02,  1.20794E-02,  1.26032E-02,  1.30994E-02,  1.35516E-02,  1.39423E-02,  1.42553E-02,  1.44786E-02,  1.46097E-02,  1.46609E-02,  1.46671E-02,NA,NA,NA,NA,NA,NA,NA,NA,NA,NA,NA,NA,NA,NA,NA,NA,NA,NA,NA,NA,NA,NA,NA,NA,NA,NA,NA,NA,NA,NA,NA,NA,NA,NA,NA,NA,NA,NA,NA,NA,NA,NA,NA,NA,NA,NA,NA,NA,NA,NA,NA,NA,NA,NA,NA,NA, -1.37420E-02, -1.30918E-02, -1.24652E-02, -1.18652E-02, -1.12935E-02, -1.07506E-02, -1.02365E-02, -9.75071E-03, -9.29233E-03, -8.86025E-03, -8.45323E-03, -8.06994E-03, -7.70907E-03, -7.36928E-03, -7.04928E-03, -6.74783E-03, -6.46373E-03,NA,NA,NA,NA,NA,NA,NA,
NA,NA,  8.67711E-03,  9.11557E-03,  9.57333E-03,  1.00481E-02,  1.05366E-02,  1.10343E-02,  1.15357E-02,  1.20341E-02,  1.25225E-02,  1.29946E-02,  1.34463E-02,  1.38790E-02,  1.43029E-02,  1.47436E-02,  1.52496E-02,  1.59033E-02,NA,NA,NA,NA,NA,NA,NA,NA,NA,NA,NA,NA,NA,NA,NA,NA,NA,NA,NA,NA,NA,NA,NA,NA,NA,NA,NA,NA,NA,NA,NA,NA,NA,NA,NA,NA,NA,NA,NA,NA,NA,NA,NA,NA,NA,NA,NA,NA,NA,NA,NA,NA,NA,NA,NA, -1.32285E-02, -1.26907E-02, -1.21568E-02, -1.16330E-02, -1.11236E-02, -1.06317E-02, -1.01592E-02, -9.70717E-03, -9.27608E-03, -8.86598E-03, -8.47657E-03, -8.10730E-03, -7.75748E-03, -7.42632E-03, -7.11295E-03, -6.81648E-03, -6.53602E-03, -6.27068E-03,NA,NA,NA,NA,NA,NA,NA,
NA,NA,  8.39141E-03,  8.80067E-03,  9.22801E-03,  9.67216E-03,  1.01314E-02,  1.06037E-02,  1.10868E-02,  1.15789E-02,  1.20797E-02,  1.25913E-02,  1.31209E-02,  1.36840E-02,  1.43089E-02,  1.50436E-02,  1.59659E-02,  1.71976E-02,NA,NA,NA,NA,NA,NA,NA,NA,NA,NA,NA,NA,NA,NA,NA,NA,NA,NA,NA,NA,NA,NA,NA,NA,NA,NA,NA,NA,NA,NA,NA,NA,NA,NA,NA,NA,NA,NA,NA,NA,NA,NA,NA,NA,NA,NA,NA,NA,NA,NA,NA,NA,NA, -1.28729E-02, -1.25014E-02, -1.21000E-02, -1.16806E-02, -1.12526E-02, -1.08232E-02, -1.03979E-02, -9.98074E-03, -9.57456E-03, -9.18142E-03, -8.80265E-03, -8.43902E-03, -8.09092E-03, -7.75842E-03, -7.44136E-03, -7.13940E-03, -6.85212E-03, -6.57899E-03, -6.31943E-03,NA,NA,NA,NA,NA,NA,NA,NA,
NA,NA,NA,  8.51328E-03,  8.91723E-03,  9.33904E-03,  9.77858E-03,  1.02361E-02,  1.07124E-02,  1.12099E-02,  1.17336E-02,  1.22927E-02,  1.29030E-02,  1.35906E-02,  1.43970E-02,  1.53865E-02,  1.66571E-02,  1.83577E-02,NA,NA,NA,NA,NA,NA,NA,NA,NA,NA,NA,NA,NA,NA,NA,NA,NA,NA,NA,NA,NA,NA,NA,NA,NA,NA,NA,NA,NA,NA,NA,NA,NA,NA,NA,NA,NA,NA,NA,NA,NA,NA,NA,NA,NA,NA,NA,NA,NA,NA, -1.18701E-02, -1.18574E-02, -1.17462E-02, -1.15594E-02, -1.13159E-02, -1.10310E-02, -1.07173E-02, -1.03848E-02, -1.00414E-02, -9.69327E-03, -9.34527E-03, -9.00104E-03, -8.66332E-03, -8.33409E-03, -8.01477E-03, -7.70630E-03, -7.40926E-03, -7.12395E-03, -6.85046E-03, -6.58871E-03, -6.33852E-03, -6.09958E-03,NA,NA,NA,NA,NA,NA,NA,NA,
NA,NA,NA,NA,  8.63598E-03,  9.04150E-03,  9.46795E-03,  9.91749E-03,  1.03936E-02,  1.09021E-02,  1.14520E-02,  1.20577E-02,  1.27410E-02,  1.35353E-02,  1.44902E-02,  1.56791E-02,  1.72106E-02,  1.92449E-02,NA,NA,NA,NA,NA,NA,NA,NA,NA,NA,NA,NA,NA,NA,NA,NA,NA,NA,NA,NA,NA,NA,NA,NA,NA,NA,NA,NA,NA,NA,NA,NA,NA,NA,NA,NA,NA,NA,NA,NA,NA,NA, -7.41298E-04, -3.33292E-03, -5.35107E-03, -6.90758E-03, -8.08914E-03, -8.96471E-03, -9.59030E-03, -1.00121E-02, -1.02684E-02, -1.03915E-02, -1.04081E-02, -1.03407E-02, -1.02078E-02, -1.00250E-02, -9.80477E-03, -9.55755E-03, -9.29166E-03, -9.01381E-03, -8.72932E-03, -8.44241E-03, -8.15634E-03, -7.87362E-03, -7.59617E-03, -7.32537E-03, -7.06223E-03, -6.80744E-03, -6.56144E-03, -6.32448E-03, -6.09664E-03,NA,NA,NA,NA,NA,NA,NA,NA,NA,
NA,NA,NA,NA,  8.37911E-03,  8.77245E-03,  9.18990E-03,  9.63524E-03,  1.01140E-02,  1.06343E-02,  1.12082E-02,  1.18533E-02,  1.25952E-02,  1.34709E-02,  1.45334E-02,  1.58587E-02,  1.75557E-02,  1.97811E-02,NA,NA,NA,NA,NA,NA,NA,NA,NA,NA,NA,NA,NA,NA,NA,NA,NA,NA,NA,NA,NA,NA,NA,NA,NA,NA,NA,NA,NA,NA,NA,NA,NA,NA,NA,NA,NA,NA,NA,NA,NA,NA,  1.64422E-03, -1.06388E-03, -3.19841E-03, -4.87261E-03, -6.17333E-03, -7.16888E-03, -7.91416E-03, -8.45408E-03, -8.82577E-03, -9.06018E-03, -9.18323E-03, -9.21661E-03, -9.17847E-03, -9.08395E-03, -8.94562E-03, -8.77388E-03, -8.57727E-03, -8.36278E-03, -8.13607E-03, -7.90173E-03, -7.66339E-03, -7.42397E-03, -7.18573E-03, -6.95045E-03, -6.71946E-03, -6.49378E-03, -6.27413E-03, -6.06103E-03,NA,NA,NA,NA,NA,NA,NA,NA,NA,NA,
NA,NA,NA,NA,NA,  8.52528E-03,  8.93584E-03,  9.37825E-03,  9.85945E-03,  1.03892E-02,  1.09812E-02,  1.16549E-02,  1.24371E-02,  1.33655E-02,  1.44926E-02,  1.58911E-02,  1.76621E-02,  1.99464E-02,NA,NA,NA,NA,NA,NA,NA,NA,NA,NA,NA,NA,NA,NA,NA,NA,NA,NA,NA,NA,NA,NA,NA,NA,NA,NA,NA,NA,NA,NA,NA,NA,NA,NA,NA,NA,NA,NA,NA,NA,NA,NA,  3.51343E-03,  7.70482E-04, -1.41665E-03, -3.15675E-03, -4.53320E-03, -5.61143E-03, -6.44392E-03, -7.07341E-03, -7.53524E-03, -7.85883E-03, -8.06885E-03, -8.18602E-03, -8.22780E-03, -8.20882E-03, -8.14139E-03, -8.03575E-03, -7.90046E-03, -7.74259E-03, -7.56799E-03, -7.38144E-03, -7.18685E-03, -6.98739E-03, -6.78562E-03, -6.58356E-03, -6.38283E-03, -6.18469E-03, -5.99011E-03, -5.79982E-03,NA,NA,NA,NA,NA,NA,NA,NA,NA,NA,
NA,NA,NA,NA,NA,NA,  8.69841E-03,  9.13742E-03,  9.61900E-03,  1.01537E-02,  1.07559E-02,  1.14453E-02,  1.22484E-02,  1.32012E-02,  1.43522E-02,  1.57668E-02,  1.75328E-02,  1.97678E-02,NA,NA,NA,NA,NA,NA,NA,NA,NA,NA,NA,NA,NA,NA,NA,NA,NA,NA,NA,NA,NA,NA,NA,NA,NA,NA,NA,NA,NA,NA,NA,NA,NA,NA,NA,NA,NA,NA,NA,NA,NA,NA,  4.90272E-03,  2.20108E-03,  2.07515E-05, -1.73726E-03, -3.14949E-03, -4.27638E-03, -5.16658E-03, -5.85983E-03, -6.38906E-03, -6.78176E-03, -7.06107E-03, -7.24653E-03, -7.35464E-03, -7.39939E-03, -7.39259E-03, -7.34422E-03, -7.26265E-03, -7.15491E-03, -7.02687E-03, -6.88342E-03, -6.72860E-03, -6.56574E-03, -6.39760E-03, -6.22639E-03, -6.05393E-03, -5.88167E-03, -5.71077E-03,NA,NA,NA,NA,NA,NA,NA,NA,NA,NA,NA,
NA,NA,NA,NA,NA,NA,  8.47166E-03,  8.90561E-03,  9.38429E-03,  9.91838E-03,  1.05221E-02,  1.12143E-02,  1.20197E-02,  1.29709E-02,  1.41108E-02,  1.54947E-02,  1.71946E-02,  1.93024E-02,NA,NA,NA,NA,NA,NA,NA,NA,NA,NA,NA,NA,NA,NA,NA,NA,NA,NA,NA,NA,NA,NA,NA,NA,NA,NA,NA,NA,NA,NA,NA,NA,NA,NA,NA,NA,NA,NA,NA,NA,NA,NA,  5.86343E-03,  3.26787E-03,  1.14577E-03, -5.88114E-04, -2.00091E-03, -3.14635E-03, -4.06809E-03, -4.80215E-03, -5.37852E-03, -5.82241E-03, -6.15514E-03, -6.39484E-03, -6.55692E-03, -6.65455E-03, -6.69891E-03, -6.69954E-03, -6.66453E-03, -6.60073E-03, -6.51393E-03, -6.40900E-03, -6.29004E-03, -6.16046E-03, -6.02311E-03, -5.88034E-03, -5.73410E-03, -5.58599E-03,NA,NA,NA,NA,NA,NA,NA,NA,NA,NA,NA,NA,
NA,NA,NA,NA,NA,NA,  8.25098E-03,  8.67756E-03,  9.14949E-03,  9.67712E-03,  1.02738E-02,  1.09568E-02,  1.17483E-02,  1.26764E-02,  1.37772E-02,  1.50955E-02,  1.66871E-02,  1.86198E-02,  2.09737E-02,NA,NA,NA,NA,NA,NA,NA,NA,NA,NA,NA,NA,NA,NA,NA,NA,NA,NA,NA,NA,NA,NA,NA,NA,NA,NA,NA,NA,NA,NA,NA,NA,NA,NA,NA,NA,NA,NA,NA,NA,  9.40176E-03,  6.45773E-03,  4.01773E-03,  1.99484E-03,  3.19562E-04, -1.06429E-03, -2.20264E-03, -3.13345E-03, -3.88839E-03, -4.49418E-03, -4.97344E-03, -5.34550E-03, -5.62690E-03, -5.83183E-03, -5.97247E-03, -6.05930E-03, -6.10130E-03, -6.10617E-03, -6.08048E-03, -6.02986E-03, -5.95908E-03, -5.87219E-03, -5.77261E-03, -5.66324E-03, -5.54651E-03, -5.42443E-03,NA,NA,NA,NA,NA,NA,NA,NA,NA,NA,NA,NA,NA,
NA,NA,NA,NA,NA,NA,NA,  8.44967E-03,  8.91099E-03,  9.42659E-03,  1.00086E-02,  1.06722E-02,  1.14364E-02,  1.23249E-02,  1.33665E-02,  1.45960E-02,  1.60545E-02,  1.77892E-02,  1.98512E-02,NA,NA,NA,NA,NA,NA,NA,NA,NA,NA,NA,NA,NA,NA,NA,NA,NA,NA,NA,NA,NA,NA,NA,NA,NA,NA,NA,NA,NA,NA,NA,NA,NA,NA,NA,NA,NA,NA,NA,NA,  9.42571E-03,  6.75283E-03,  4.50121E-03,  2.60691E-03,  1.01638E-03, -3.15257E-04, -1.42572E-03, -2.34691E-03, -3.10593E-03, -3.72597E-03, -4.22694E-03, -4.62602E-03, -4.93806E-03, -5.17591E-03, -5.35072E-03, -5.47214E-03, -5.54853E-03, -5.58711E-03, -5.59411E-03, -5.57491E-03, -5.53411E-03, -5.47566E-03, -5.40294E-03, -5.31882E-03, -5.22575E-03,NA,NA,NA,NA,NA,NA,NA,NA,NA,NA,NA,NA,NA,NA,
NA,NA,NA,NA,NA,NA,NA,NA,  8.66691E-03,  9.16561E-03,  9.72651E-03,  1.03626E-02,  1.10897E-02,  1.19268E-02,  1.28963E-02,  1.40239E-02,  1.53385E-02,  1.68710E-02,  1.86514E-02,  2.07049E-02,NA,NA,NA,NA,NA,NA,NA,NA,NA,NA,NA,NA,NA,NA,NA,NA,NA,NA,NA,NA,NA,NA,NA,NA,NA,NA,NA,NA,NA,NA,NA,NA,NA,NA,NA,NA,NA,NA,  1.19812E-02,  9.20342E-03,  6.81511E-03,  4.76893E-03,  3.02129E-03,  1.53333E-03,  2.70920E-04, -7.95701E-04, -1.69243E-03, -2.44182E-03, -3.06349E-03, -3.57460E-03, -3.99013E-03, -4.32319E-03, -4.58525E-03, -4.78636E-03, -4.93531E-03, -5.03977E-03, -5.10643E-03, -5.14113E-03, -5.14892E-03, -5.13420E-03, -5.10076E-03, -5.05188E-03, -4.99039E-03,NA,NA,NA,NA,NA,NA,NA,NA,NA,NA,NA,NA,NA,NA,NA,
NA,NA,NA,NA,NA,NA,NA,NA,  8.41678E-03,  8.89462E-03,  9.42949E-03,  1.00322E-02,  1.07153E-02,  1.14938E-02,  1.23842E-02,  1.34049E-02,  1.45752E-02,  1.59136E-02,  1.74358E-02,  1.91505E-02,  2.10544E-02,NA,NA,NA,NA,NA,NA,NA,NA,NA,NA,NA,NA,NA,NA,NA,NA,NA,  1.60839E-02,  1.55575E-02,NA,NA,NA,NA,NA,NA,NA,NA,NA,NA,NA,NA,NA,NA,NA,NA,NA,  1.39396E-02,  1.12181E-02,  8.81343E-03,  6.70538E-03,  4.86843E-03,  3.27556E-03,  1.90043E-03,  7.18415E-04, -2.92992E-04, -1.15410E-03, -1.88311E-03, -2.49623E-03, -3.00793E-03, -3.43101E-03, -3.77688E-03, -4.05561E-03, -4.27614E-03, -4.44636E-03, -4.57323E-03, -4.66288E-03, -4.72070E-03, -4.75141E-03, -4.75915E-03, -4.74751E-03,NA,NA,NA,NA,NA,NA,NA,NA,NA,NA,NA,NA,NA,NA,NA,NA,NA,
NA,NA,NA,NA,NA,NA,NA,NA,NA,  8.61511E-03,  9.12043E-03,  9.68576E-03,  1.03210E-02,  1.10373E-02,  1.18466E-02,  1.27614E-02,  1.37935E-02,  1.49532E-02,  1.62465E-02,  1.76728E-02,  1.92208E-02,  2.08645E-02,NA,NA,NA,NA,NA,NA,NA,NA,NA,NA,NA,NA,NA,NA,  1.80305E-02,  1.66926E-02,  1.58052E-02,  1.54365E-02,  1.56277E-02,  1.63923E-02,NA,NA,NA,NA,NA,NA,NA,NA,NA,NA,NA,NA,NA,NA,  1.51707E-02,  1.26729E-02,  1.03853E-02,  8.32029E-03,  6.47595E-03,  4.84203E-03,  3.40402E-03,  2.14560E-03,  1.05005E-03,  1.01122E-04, -7.16527E-04, -1.41715E-03, -2.01381E-03, -2.51843E-03, -2.94177E-03, -3.29355E-03, -3.58253E-03, -3.81652E-03, -4.00253E-03, -4.14681E-03, -4.25490E-03, -4.33173E-03, -4.38164E-03, -4.40850E-03,NA,NA,NA,NA,NA,NA,NA,NA,NA,NA,NA,NA,NA,NA,NA,NA,NA,NA,
NA,NA,NA,NA,NA,NA,NA,NA,NA,  8.32920E-03,  8.80280E-03,  9.32867E-03,  9.91433E-03,  1.05678E-02,  1.12974E-02,  1.21110E-02,  1.30154E-02,  1.40148E-02,  1.51098E-02,  1.62945E-02,  1.75549E-02,  1.88660E-02,  2.01900E-02,  2.14763E-02,NA,NA,NA,NA,NA,NA,NA,NA,NA,NA,NA,  1.81109E-02,  1.68862E-02,  1.59132E-02,  1.52675E-02,  1.50018E-02,  1.51453E-02,  1.57020E-02,  1.66474E-02,NA,NA,NA,NA,NA,NA,NA,NA,NA,NA,NA,  1.78081E-02,  1.56444E-02,  1.35054E-02,  1.14567E-02,  9.53898E-03,  7.77373E-03,  6.16935E-03,  4.72556E-03,  3.43667E-03,  2.29386E-03,  1.28667E-03,  4.04026E-04, -3.65228E-04, -1.03189E-03, -1.60622E-03, -2.09781E-03, -2.51556E-03, -2.86762E-03, -3.16146E-03, -3.40385E-03, -3.60093E-03, -3.75823E-03, -3.88073E-03, -3.97288E-03,NA,NA,NA,NA,NA,NA,NA,NA,NA,NA,NA,NA,NA,NA,NA,NA,NA,NA,NA,NA,
NA,NA,NA,NA,NA,NA,NA,NA,NA,NA,  8.48017E-03,  8.96592E-03,  9.50211E-03,  1.00943E-02,  1.07479E-02,  1.14676E-02,  1.22564E-02,  1.31150E-02,  1.40407E-02,  1.50253E-02,  1.60544E-02,  1.71059E-02,  1.81491E-02,  1.91450E-02,  2.00485E-02,  2.08114E-02,NA,NA,NA,NA,NA,NA,  1.96958E-02,  1.87078E-02,  1.76690E-02,  1.66618E-02,  1.57659E-02,  1.50517E-02,  1.45752E-02,  1.43753E-02,  1.44717E-02,  1.48636E-02,  1.55267E-02,  1.64117E-02,  1.74421E-02,  1.85163E-02,NA,NA,NA,NA,NA,NA,  1.85073E-02,  1.70665E-02,  1.54466E-02,  1.37370E-02,  1.20114E-02,  1.03251E-02,  8.71648E-03,  7.20985E-03,  5.81857E-03,  4.54818E-03,  3.39879E-03,  2.36692E-03,  1.44682E-03,  6.31453E-04, -8.68826E-05, -7.16089E-04, -1.26399E-03, -1.73816E-03, -2.14577E-03, -2.49359E-03, -2.78787E-03, -3.03441E-03, -3.23853E-03, -3.40508E-03,NA,NA,NA,NA,NA,NA,NA,NA,NA,NA,NA,NA,NA,NA,NA,NA,NA,NA,NA,NA,NA,NA,
NA,NA,NA,NA,NA,NA,NA,NA,NA,NA,NA,  8.60207E-03,  9.09022E-03,  9.62410E-03,  1.02069E-02,  1.08410E-02,  1.15270E-02,  1.22636E-02,  1.30461E-02,  1.38658E-02,  1.47094E-02,  1.55580E-02,  1.63869E-02,  1.71666E-02,  1.78639E-02,  1.84446E-02,  1.88767E-02,  1.91334E-02,  1.91969E-02,  1.90607E-02,  1.87316E-02,  1.82302E-02,  1.75913E-02,  1.68613E-02,  1.60955E-02,  1.53528E-02,  1.46905E-02,  1.41596E-02,  1.38008E-02,  1.36422E-02,  1.36966E-02,  1.39608E-02,  1.44136E-02,  1.50152E-02,  1.57075E-02,  1.64166E-02,  1.70582E-02,  1.75463E-02,  1.78043E-02,  1.77765E-02,  1.74371E-02,  1.67926E-02,  1.58782E-02,  1.47486E-02,  1.34671E-02,  1.20959E-02,  1.06899E-02,  9.29353E-03,  7.94020E-03,  6.65333E-03,  5.44799E-03,  4.33269E-03,  3.31103E-03,  2.38310E-03,  1.54652E-03,  7.97309E-04,  1.30498E-04, -4.59460E-04, -9.78354E-04, -1.43200E-03, -1.82611E-03, -2.16615E-03, -2.45733E-03,NA,NA,NA,NA,NA,NA,NA,NA,NA,NA,NA,NA,NA,NA,NA,NA,NA,NA,NA,NA,NA,NA,NA,NA,NA,
NA,NA,NA,NA,NA,NA,NA,NA,NA,NA,NA,NA,  8.68347E-03,  9.16285E-03,  9.68082E-03,  1.02381E-02,  1.08338E-02,  1.14654E-02,  1.21276E-02,  1.28120E-02,  1.35067E-02,  1.41959E-02,  1.48603E-02,  1.54773E-02,  1.60225E-02,  1.64714E-02,  1.68018E-02,  1.69956E-02,  1.70415E-02,  1.69366E-02,  1.66877E-02,  1.63114E-02,  1.58343E-02,  1.52907E-02,  1.47208E-02,  1.41673E-02,  1.36716E-02,  1.32705E-02,  1.29935E-02,  1.28604E-02,  1.28795E-02,  1.30465E-02,  1.33440E-02,  1.37408E-02,  1.41935E-02,  1.46484E-02,  1.50463E-02,  1.53280E-02,  1.54415E-02,  1.53491E-02,  1.50320E-02,  1.44922E-02,  1.37503E-02,  1.28410E-02,  1.18061E-02,  1.06893E-02,  9.53099E-03,  8.36590E-03,  7.22188E-03,  6.11994E-03,  5.07488E-03,  4.09632E-03,  3.18973E-03,  2.35741E-03,  1.59930E-03,  9.13629E-04,  2.97497E-04, -2.52771E-04, -7.41301E-04,NA,NA,NA,NA,NA,NA,NA,NA,NA,NA,NA,NA,NA,NA,NA,NA,NA,NA,NA,NA,NA,NA,NA,NA,NA,NA,NA,NA,NA,
NA,NA,NA,NA,NA,NA,NA,NA,NA,NA,NA,NA,NA,  8.71484E-03,  9.17410E-03,  9.66310E-03,  1.01802E-02,  1.07221E-02,  1.12836E-02,  1.18569E-02,  1.24318E-02,  1.29955E-02,  1.35325E-02,  1.40259E-02,  1.44575E-02,  1.48098E-02,  1.50671E-02,  1.52173E-02,  1.52534E-02,  1.51745E-02,  1.49867E-02,  1.47036E-02,  1.43451E-02,  1.39369E-02,  1.35086E-02,  1.30911E-02,  1.27146E-02,  1.24058E-02,  1.21857E-02,  1.20683E-02,  1.20588E-02,  1.21530E-02,  1.23365E-02,  1.25858E-02,  1.28684E-02,  1.31455E-02,  1.33750E-02,  1.35155E-02,  1.35311E-02,  1.33955E-02,  1.30947E-02,  1.26286E-02,  1.20096E-02,  1.12600E-02,  1.04082E-02,  9.48465E-03,  8.51929E-03,  7.53890E-03,  6.56610E-03,  5.61889E-03,  4.71088E-03,  3.85166E-03,  3.04750E-03,  2.30193E-03,  1.61638E-03,NA,NA,NA,NA,NA,NA,NA,NA,NA,NA,NA,NA,NA,NA,NA,NA,NA,NA,NA,NA,NA,NA,NA,NA,NA,NA,NA,NA,NA,NA,NA,NA,NA,
NA,NA,NA,NA,NA,NA,NA,NA,NA,NA,NA,NA,NA,NA,  8.68969E-03,  9.11851E-03,  9.56744E-03,  1.00330E-02,  1.05103E-02,  1.09924E-02,  1.14707E-02,  1.19348E-02,  1.23725E-02,  1.27710E-02,  1.31168E-02,  1.33972E-02,  1.36012E-02,  1.37206E-02,  1.37511E-02,  1.36929E-02,  1.35516E-02,  1.33376E-02,  1.30664E-02,  1.27571E-02,  1.24315E-02,  1.21124E-02,  1.18216E-02,  1.15786E-02,  1.13984E-02,  1.12908E-02,  1.12589E-02,  1.12988E-02,  1.13994E-02,  1.15426E-02,  1.17044E-02,  1.18567E-02,  1.19693E-02,  1.20129E-02,  1.19622E-02,  1.17984E-02,  1.15112E-02,  1.10996E-02,  1.05710E-02,  9.94018E-03,  9.22648E-03,  8.45170E-03,  7.63786E-03,  6.80552E-03,  5.97279E-03,  5.15474E-03,  4.36333E-03,  3.60756E-03,  2.89379E-03,  2.22614E-03,NA,NA,NA,NA,NA,NA,NA,NA,NA,NA,NA,NA,NA,NA,NA,NA,NA,NA,NA,NA,NA,NA,NA,NA,NA,NA,NA,NA,NA,NA,NA,NA,NA,NA,
NA,NA,NA,NA,NA,NA,NA,NA,NA,NA,NA,NA,NA,NA,NA,  8.60529E-03,  8.99537E-03,  9.39612E-03,  9.80297E-03,  1.02100E-02,  1.06101E-02,  1.09947E-02,  1.13544E-02,  1.16794E-02,  1.19596E-02,  1.21857E-02,  1.23500E-02,  1.24470E-02,  1.24741E-02,  1.24321E-02,  1.23257E-02,  1.21632E-02,  1.19563E-02,  1.17194E-02,  1.14687E-02,  1.12210E-02,  1.09921E-02,  1.07963E-02,  1.06443E-02,  1.05429E-02,  1.04939E-02,  1.04939E-02,  1.05344E-02,  1.06016E-02,  1.06778E-02,  1.07425E-02,  1.07739E-02,  1.07511E-02,  1.06559E-02,  1.04749E-02,  1.02002E-02,  9.83053E-03,  9.37054E-03,  8.83006E-03,  8.22258E-03,  7.56379E-03,  6.87001E-03,  6.15701E-03,  5.43917E-03,  4.72891E-03,  4.03648E-03,  3.37000E-03,  2.73552E-03,NA,NA,NA,NA,NA,NA,NA,NA,NA,NA,NA,NA,NA,NA,NA,NA,NA,NA,NA,NA,NA,NA,NA,NA,NA,NA,NA,NA,NA,NA,NA,NA,NA,NA,NA,
NA,NA,NA,NA,NA,NA,NA,NA,NA,NA,NA,NA,NA,NA,NA,NA,NA,  8.80848E-03,  9.15640E-03,  9.50153E-03,  9.83789E-03,  1.01587E-02,  1.04566E-02,  1.07240E-02,  1.09533E-02,  1.11379E-02,  1.12722E-02,  1.13525E-02,  1.13772E-02,  1.13474E-02,  1.12671E-02,  1.11428E-02,  1.09833E-02,  1.07996E-02,  1.06038E-02,  1.04080E-02,  1.02242E-02,  1.00625E-02,  9.93064E-03,  9.83335E-03,  9.77167E-03,  9.74279E-03,  9.73999E-03,  9.75305E-03,  9.76882E-03,  9.77224E-03,  9.74751E-03,  9.67953E-03,  9.55519E-03,  9.36462E-03,  9.10203E-03,  8.76604E-03,  8.35962E-03,  7.88946E-03,  7.36513E-03,  6.79802E-03,  6.20033E-03,  5.58419E-03,  4.96097E-03,  4.34082E-03,  3.73240E-03,NA,NA,NA,NA,NA,NA,NA,NA,NA,NA,NA,NA,NA,NA,NA,NA,NA,NA,NA,NA,NA,NA,NA,NA,NA,NA,NA,NA,NA,NA,NA,NA,NA,NA,NA,NA,NA,
NA,NA,NA,NA,NA,NA,NA,NA,NA,NA,NA,NA,NA,NA,NA,NA,NA,NA,  8.56530E-03,  8.85914E-03,  9.14341E-03,  9.41267E-03,  9.66112E-03,  9.88291E-03,  1.00724E-02,  1.02247E-02,  1.03357E-02,  1.04031E-02,  1.04258E-02,  1.04051E-02,  1.03442E-02,  1.02480E-02,  1.01236E-02,  9.97912E-03,  9.82349E-03,  9.66589E-03,  9.51495E-03,  9.37808E-03,  9.26089E-03,  9.16662E-03,  9.09584E-03,  9.04623E-03,  9.01266E-03,  8.98742E-03,  8.96077E-03,  8.92164E-03,  8.85850E-03,  8.76035E-03,  8.61765E-03,  8.42315E-03,  8.17251E-03,  7.86450E-03,  7.50105E-03,  7.08682E-03,  6.62869E-03,  6.13505E-03,  5.61509E-03,  5.07817E-03,  4.53329E-03,  3.98869E-03,NA,NA,NA,NA,NA,NA,NA,NA,NA,NA,NA,NA,NA,NA,NA,NA,NA,NA,NA,NA,NA,NA,NA,NA,NA,NA,NA,NA,NA,NA,NA,NA,NA,NA,NA,NA,NA,NA,
NA,NA,NA,NA,NA,NA,NA,NA,NA,NA,NA,NA,NA,NA,NA,NA,NA,NA,NA,NA,  8.51716E-03,  8.74444E-03,  8.95302E-03,  9.13838E-03,  9.29627E-03,  9.42300E-03,  9.51573E-03,  9.57273E-03,  9.59359E-03,  9.57936E-03,  9.53261E-03,  9.45734E-03,  9.35880E-03,  9.24317E-03,  9.11719E-03,  8.98765E-03,  8.86090E-03,  8.74235E-03,  8.63604E-03,  8.54423E-03,  8.46719E-03,  8.40304E-03,  8.34786E-03,  8.29586E-03,  8.23982E-03,  8.17155E-03,  8.08260E-03,  7.96493E-03,  7.81153E-03,  7.61708E-03,  7.37831E-03,  7.09421E-03,  6.76607E-03,  6.39722E-03,  5.99267E-03,  5.55869E-03,  5.10227E-03,  4.63068E-03,NA,NA,NA,NA,NA,NA,NA,NA,NA,NA,NA,NA,NA,NA,NA,NA,NA,NA,NA,NA,NA,NA,NA,NA,NA,NA,NA,NA,NA,NA,NA,NA,NA,NA,NA,NA,NA,NA,NA,NA,
NA,NA,NA,NA,NA,NA,NA,NA,NA,NA,NA,NA,NA,NA,NA,NA,NA,NA,NA,NA,NA,NA,  8.31987E-03,  8.47579E-03,  8.60827E-03,  8.71453E-03,  8.79253E-03,  8.84106E-03,  8.85996E-03,  8.85016E-03,  8.81372E-03,  8.75376E-03,  8.67430E-03,  8.58002E-03,  8.47596E-03,  8.36718E-03,  8.25838E-03,  8.15351E-03,  8.05548E-03,  7.96589E-03,  7.88480E-03,  7.81075E-03,  7.74072E-03,  7.67039E-03,  7.59436E-03,  7.50659E-03,  7.40085E-03,  7.27122E-03,  7.11257E-03,  6.92096E-03,  6.69394E-03,  6.43074E-03,  6.13223E-03,  5.80086E-03,  5.44037E-03,  5.05548E-03,NA,NA,NA,NA,NA,NA,NA,NA,NA,NA,NA,NA,NA,NA,NA,NA,NA,NA,NA,NA,NA,NA,NA,NA,NA,NA,NA,NA,NA,NA,NA,NA,NA,NA,NA,NA,NA,NA,NA,NA,NA,NA,
