NA,NA,NA,NA,NA,NA,NA,NA,NA,NA,NA,NA,NA,NA,NA,NA,NA,NA,NA,NA,NA,NA,NA,  7.56191E-03,  7.99415E-03,  8.42548E-03,  8.84891E-03,  9.25643E-03,  9.63917E-03,  9.98768E-03,  1.02924E-02,  1.05443E-02,  1.07350E-02,  1.08583E-02,  1.09096E-02,  1.08871E-02,  1.07916E-02,  1.06266E-02,  1.03978E-02,  1.01127E-02,  9.78019E-03,  9.40971E-03,  9.01080E-03,  8.59259E-03,  8.16346E-03,  7.73082E-03,NA,NA,NA,NA,NA,NA,NA,NA,NA,NA,NA,NA,NA,NA,NA,NA,NA,NA,NA,NA,NA,NA,NA,
NA,NA,NA,NA,NA,NA,NA,NA,NA,NA,NA,NA,NA,NA,NA,NA,NA,NA,NA,NA,NA,  6.97473E-03,  7.44533E-03,  7.93088E-03,  8.42621E-03,  8.92470E-03,  9.41815E-03,  9.89693E-03,  1.03501E-02,  1.07656E-02,  1.11314E-02,  1.14353E-02,  1.16665E-02,  1.18163E-02,  1.18788E-02,  1.18514E-02,  1.17352E-02,  1.15350E-02,  1.12583E-02,  1.09154E-02,  1.05179E-02,  1.00780E-02,  9.60789E-03,  9.11895E-03,  8.62138E-03,  8.12394E-03,  7.63386E-03,  7.15688E-03,NA,NA,NA,NA,NA,NA,NA,NA,NA,NA,NA,NA,NA,NA,NA,NA,NA,NA,NA,NA,NA,
NA,NA,NA,NA,NA,NA,NA,NA,NA,NA,NA,NA,NA,NA,NA,NA,NA,NA,NA,  6.25163E-03,  6.72858E-03,  7.23368E-03,  7.76454E-03,  8.31734E-03,  8.88659E-03,  9.46490E-03,  1.00428E-02,  1.06087E-02,  1.11490E-02,  1.16487E-02,  1.20918E-02,  1.24623E-02,  1.27457E-02,  1.29301E-02,  1.30071E-02,  1.29733E-02,  1.28302E-02,  1.25844E-02,  1.22463E-02,  1.18298E-02,  1.13503E-02,  1.08240E-02,  1.02664E-02,  9.69175E-03,  9.11236E-03,  8.53857E-03,  7.97857E-03,  7.43859E-03,  6.92305E-03,  6.43487E-03,NA,NA,NA,NA,NA,NA,NA,NA,NA,NA,NA,NA,NA,NA,NA,NA,NA,NA,NA,
NA,NA,NA,NA,NA,NA,NA,NA,NA,NA,NA,NA,NA,NA,NA,NA,NA,NA,  5.90608E-03,  6.39705E-03,  6.92505E-03,  7.48956E-03,  8.08872E-03,  8.71902E-03,  9.37487E-03,  1.00482E-02,  1.07283E-02,  1.14013E-02,  1.20505E-02,  1.26567E-02,  1.31990E-02,  1.36560E-02,  1.40077E-02,  1.42375E-02,  1.43338E-02,  1.42915E-02,  1.41130E-02,  1.38072E-02,  1.33892E-02,  1.28778E-02,  1.22941E-02,  1.16593E-02,  1.09935E-02,  1.03143E-02,  9.63690E-03,  8.97308E-03,  8.33199E-03,  7.72012E-03,  7.14174E-03,  6.59932E-03,  6.09386E-03,  5.62526E-03,NA,NA,NA,NA,NA,NA,NA,NA,NA,NA,NA,NA,NA,NA,NA,NA,NA,
NA,NA,NA,NA,NA,NA,NA,NA,NA,NA,NA,NA,NA,NA,NA,NA,  5.04283E-03,  5.49292E-03,  5.98548E-03,  6.52273E-03,  7.10622E-03,  7.73650E-03,  8.41269E-03,  9.13201E-03,  9.88918E-03,  1.06758E-02,  1.14799E-02,  1.22853E-02,  1.30715E-02,  1.38139E-02,  1.44850E-02,  1.50558E-02,  1.54985E-02,  1.57893E-02,  1.59115E-02,  1.58578E-02,  1.56315E-02,  1.52458E-02,  1.47220E-02,  1.40867E-02,  1.33687E-02,  1.25966E-02,  1.17961E-02,  1.09893E-02,  1.01942E-02,  9.42427E-03,  8.68935E-03,  7.99582E-03,  7.34737E-03,  6.74557E-03,  6.19035E-03,  5.68053E-03,  5.21411E-03,NA,NA,NA,NA,NA,NA,NA,NA,NA,NA,NA,NA,NA,NA,NA,NA,
NA,NA,NA,NA,NA,NA,NA,NA,NA,NA,NA,NA,NA,NA,NA,  4.58741E-03,  5.02221E-03,  5.50355E-03,  6.03535E-03,  6.62123E-03,  7.26430E-03,  7.96669E-03,  8.72910E-03,  9.55013E-03,  1.04255E-02,  1.13470E-02,  1.23019E-02,  1.32716E-02,  1.42312E-02,  1.51497E-02,  1.59904E-02,  1.67135E-02,  1.72796E-02,  1.76540E-02,  1.78119E-02,  1.77425E-02,  1.74506E-02,  1.69559E-02,  1.62897E-02,  1.54902E-02,  1.45975E-02,  1.36500E-02,  1.26809E-02,  1.17177E-02,  1.07813E-02,  9.88665E-03,  9.04366E-03,  8.25799E-03,  7.53209E-03,  6.86599E-03,  6.25805E-03,  5.70550E-03,  5.20486E-03,  4.75231E-03,NA,NA,NA,NA,NA,NA,NA,NA,NA,NA,NA,NA,NA,NA,NA,
NA,NA,NA,NA,NA,NA,NA,NA,NA,NA,NA,NA,NA,NA,  4.09729E-03,  4.50662E-03,  4.96451E-03,  5.47628E-03,  6.04743E-03,  6.68342E-03,  7.38943E-03,  8.16985E-03,  9.02777E-03,  9.96408E-03,  1.09765E-02,  1.20582E-02,  1.31964E-02,  1.43706E-02,  1.55514E-02,  1.66997E-02,  1.77668E-02,  1.86975E-02,  1.94346E-02,  1.99263E-02,  2.01347E-02,  2.00431E-02,  1.96587E-02,  1.90122E-02,  1.81506E-02,  1.71300E-02,  1.60073E-02,  1.48340E-02,  1.36531E-02,  1.24979E-02,  1.13922E-02,  1.03516E-02,  9.38497E-03,  8.49633E-03,  7.68584E-03,  6.95117E-03,  6.28835E-03,  5.69247E-03,  5.15811E-03,  4.67978E-03,  4.25206E-03,NA,NA,NA,NA,NA,NA,NA,NA,NA,NA,NA,NA,NA,NA,
NA,NA,NA,NA,NA,NA,NA,NA,NA,NA,NA,NA,NA,  3.58528E-03,  3.96046E-03,  4.38410E-03,  4.86254E-03,  5.40271E-03,  6.01204E-03,  6.69832E-03,  7.46940E-03,  8.33277E-03,  9.29493E-03,  1.03604E-02,  1.15304E-02,  1.28011E-02,  1.41616E-02,  1.55907E-02,  1.70551E-02,  1.85063E-02,  1.98801E-02,  2.10991E-02,  2.20789E-02,  2.27400E-02,  2.30221E-02,  2.28979E-02,  2.23796E-02,  2.15158E-02,  2.03803E-02,  1.90573E-02,  1.76279E-02,  1.61621E-02,  1.47143E-02,  1.33239E-02,  1.20162E-02,  1.08060E-02,  9.69952E-03,  8.69732E-03,  7.79597E-03,  6.98962E-03,  6.27107E-03,  5.63256E-03,  5.06623E-03,  4.56448E-03,  4.12017E-03,  3.72674E-03,NA,NA,NA,NA,NA,NA,NA,NA,NA,NA,NA,NA,NA,
NA,NA,NA,NA,NA,NA,NA,NA,NA,NA,NA,NA,  3.06428E-03,  3.39856E-03,  3.77925E-03,  4.21325E-03,  4.70838E-03,  5.27341E-03,  5.91808E-03,  6.65296E-03,  7.48934E-03,  8.43875E-03,  9.51242E-03,  1.07202E-02,  1.20690E-02,  1.35608E-02,  1.51891E-02,  1.69354E-02,  1.87642E-02,  2.06179E-02,  2.24132E-02,NA,NA,NA,NA,NA,NA,NA,NA,  2.13331E-02,  1.94908E-02,  1.76440E-02,  1.58601E-02,  1.41826E-02,  1.26361E-02,  1.12311E-02,  9.96874E-03,  8.84363E-03,  7.84687E-03,  6.96762E-03,  6.19438E-03,  5.51571E-03,  4.92071E-03,  4.39931E-03,  3.94237E-03,  3.54168E-03,  3.19000E-03,NA,NA,NA,NA,NA,NA,NA,NA,NA,NA,NA,NA,
NA,NA,NA,NA,NA,NA,NA,NA,NA,NA,NA,  2.54644E-03,  2.83525E-03,  3.16678E-03,  3.54802E-03,  3.98713E-03,  4.49353E-03,  5.07804E-03,  5.75301E-03,  6.53235E-03,  7.43149E-03,  8.46714E-03,  9.65681E-03,  1.10178E-02,  1.25658E-02,  1.43120E-02,  1.62596E-02,  1.83978E-02,  2.06944E-02,NA,NA,NA,NA,NA,NA,NA,NA,NA,NA,NA,NA,  1.92806E-02,  1.70751E-02,  1.50506E-02,  1.32253E-02,  1.16007E-02,  1.01682E-02,  8.91350E-03,  7.81966E-03,  6.86913E-03,  6.04482E-03,  5.33074E-03,  4.71237E-03,  4.17677E-03,  3.71252E-03,  3.30967E-03,  2.95957E-03,  2.65481E-03,NA,NA,NA,NA,NA,NA,NA,NA,NA,NA,NA,
NA,NA,NA,NA,NA,NA,NA,NA,NA,NA,NA,  2.28351E-03,  2.56226E-03,  2.88549E-03,  3.26117E-03,  3.69869E-03,  4.20912E-03,  4.80551E-03,  5.50310E-03,  6.31956E-03,  7.27524E-03,  8.39313E-03,  9.69876E-03,  1.12195E-02,  1.29833E-02,  1.50160E-02,  1.73374E-02,NA,NA,NA,NA,NA,NA,NA,NA,NA,NA,NA,NA,NA,NA,NA,  1.83266E-02,  1.58896E-02,  1.37456E-02,  1.18794E-02,  1.02669E-02,  8.88036E-03,  7.69214E-03,  6.67585E-03,  5.80746E-03,  5.06560E-03,  4.43154E-03,  3.88913E-03,  3.42449E-03,  3.02582E-03,  2.68307E-03,  2.38777E-03,  2.13275E-03,NA,NA,NA,NA,NA,NA,NA,NA,NA,NA,
NA,NA,NA,NA,NA,NA,NA,NA,NA,NA,  1.75431E-03,  1.97913E-03,  2.24211E-03,  2.55056E-03,  2.91331E-03,  3.34095E-03,  3.84622E-03,  4.44439E-03,  5.15376E-03,  5.99613E-03,  6.99734E-03,  8.18776E-03,  9.60264E-03,  1.12822E-02,  1.32708E-02,  1.56157E-02,NA,NA,NA,NA,NA,NA,NA,NA,NA,NA,NA,NA,NA,NA,NA,NA,NA,  1.66407E-02,  1.41436E-02,  1.20212E-02,  1.02262E-02,  8.71275E-03,  7.43894E-03,  6.36755E-03,  5.46632E-03,  4.70770E-03,  4.06836E-03,  3.52870E-03,  3.07232E-03,  2.68555E-03,  2.35698E-03,  2.07715E-03,  1.83818E-03,NA,NA,NA,NA,NA,NA,NA,NA,NA,NA,
NA,NA,NA,NA,NA,NA,NA,NA,NA,  1.25633E-03,  1.42822E-03,  1.63136E-03,  1.87213E-03,  2.15837E-03,  2.49959E-03,  2.90746E-03,  3.39624E-03,  3.98337E-03,  4.69016E-03,  5.54267E-03,  6.57262E-03,  7.81853E-03,  9.32687E-03,  1.11532E-02,  1.33631E-02,NA,NA,NA,NA,NA,NA,NA,NA,NA,NA,NA,NA,NA,NA,NA,NA,NA,NA,NA,  1.43486E-02,  1.19686E-02,  1.00005E-02,  8.37483E-03,  7.03221E-03,  5.92273E-03,  5.00489E-03,  4.24446E-03,  3.61327E-03,  3.08827E-03,  2.65058E-03,  2.28479E-03,  1.97827E-03,  1.72072E-03,  1.50369E-03,  1.32025E-03,NA,NA,NA,NA,NA,NA,NA,NA,NA,
NA,NA,NA,NA,NA,NA,NA,NA,NA,  9.17518E-04,  1.06343E-03,  1.23886E-03,  1.45037E-03,  1.70607E-03,  2.01600E-03,  2.39264E-03,  2.85150E-03,  3.41191E-03,  4.09799E-03,  4.93983E-03,  5.97505E-03,  7.25061E-03,  8.82511E-03,  1.07714E-02,  1.31799E-02,NA,NA,NA,NA,NA,NA,NA,NA,NA,NA,NA,NA,NA,NA,NA,NA,NA,NA,NA,NA,  1.16535E-02,  9.53811E-03,  7.82764E-03,  6.44277E-03,  5.31965E-03,  4.40707E-03,  3.66398E-03,  3.05755E-03,  2.56148E-03,  2.15470E-03,  1.82030E-03,  1.54469E-03,  1.31695E-03,  1.12825E-03,  9.71480E-04,  8.40867E-04,NA,NA,NA,NA,NA,NA,NA,NA,
NA,NA,NA,NA,NA,NA,NA,NA,  4.52235E-04,  5.45188E-04,  6.59749E-04,  8.01109E-04,  9.75772E-04,  1.19189E-03,  1.45974E-03,  1.79224E-03,  2.20577E-03,  2.72107E-03,  3.36449E-03,  4.16965E-03,  5.17948E-03,  6.44899E-03,  8.04880E-03,  1.00698E-02,NA,NA,NA,NA,NA,NA,NA,NA,NA,NA,NA,NA,NA,NA,NA,NA,NA,NA,NA,NA,NA,  1.10000E-02,  8.78391E-03,  7.03135E-03,  5.64197E-03,  4.53782E-03,  3.65826E-03,  2.95599E-03,  2.39404E-03,  1.94343E-03,  1.58137E-03,  1.28993E-03,  1.05492E-03,  8.65102E-04,  7.11563E-04,  5.87196E-04,  4.86332E-04,NA,NA,NA,NA,NA,NA,NA,NA,
NA,NA,NA,NA,NA,NA,NA,NA,  8.04378E-05,  1.40056E-04,  2.17781E-04,  3.18492E-04,  4.48391E-04,  6.15385E-04,  8.29575E-04,  1.10391E-03,  1.45502E-03,  1.90437E-03,  2.47972E-03,  3.21717E-03,  4.16379E-03,  5.38129E-03,  6.95093E-03,  8.98034E-03,NA,NA,NA,NA,NA,NA,NA,NA,NA,NA,NA,NA,NA,NA,NA,NA,NA,NA,NA,NA,NA,  9.92961E-03,  7.68354E-03,  5.94848E-03,  4.60411E-03,  3.55976E-03,  2.74676E-03,  2.11279E-03,  1.61783E-03,  1.23113E-03,  9.28968E-04,  6.92960E-04,  5.08836E-04,  3.65468E-04,  2.54155E-04,  1.68080E-04,  1.01883E-04,  5.13467E-05,NA,NA,NA,NA,NA,NA,NA,
NA,NA,NA,NA,NA,NA,NA, -3.29642E-04, -3.18204E-04, -2.96443E-04, -2.61003E-04, -2.07539E-04, -1.30421E-04, -2.23432E-05,  1.26196E-04,  3.27585E-04,  5.98021E-04,  9.58765E-04,  1.43783E-03,  2.07229E-03,  2.91149E-03,  4.02144E-03,  5.49110E-03,NA,NA,NA,NA,NA,NA,NA,NA,NA,NA,NA,NA,NA,NA,NA,NA,NA,NA,NA,NA,NA,NA,NA,  6.18923E-03,  4.54802E-03,  3.30939E-03,  2.37318E-03,  1.66526E-03,  1.13038E-03,  7.27096E-04,  4.24172E-04,  1.97933E-04,  3.03692E-05, -9.22732E-05, -1.80532E-04, -2.42501E-04, -2.84416E-04, -3.11082E-04, -3.26214E-04,NA,NA,NA,NA,NA,NA,NA,
NA,NA,NA,NA,NA,NA,NA, -7.15653E-04, -7.41702E-04, -7.62114E-04, -7.74199E-04, -7.74376E-04, -7.57883E-04, -7.18394E-04, -6.47497E-04, -5.34001E-04, -3.62978E-04, -1.14460E-04,  2.38360E-04,  7.31641E-04,  1.41442E-03,  2.35364E-03,NA,NA,NA,NA,NA,NA,NA,NA,NA,NA,NA,NA,NA,NA,NA,NA,NA,NA,NA,NA,NA,NA,NA,NA,NA,  2.81006E-03,  1.74709E-03,  9.73097E-04,  4.12339E-04,  9.46446E-06, -2.76236E-04, -4.74883E-04, -6.08875E-04, -6.94931E-04, -7.45576E-04, -7.70215E-04, -7.75919E-04, -7.68011E-04, -7.50495E-04, -7.26380E-04,NA,NA,NA,NA,NA,NA,NA,
NA,NA,NA,NA,NA,NA,NA, -1.12065E-03, -1.18744E-03, -1.25399E-03, -1.31843E-03, -1.37820E-03, -1.42970E-03, -1.46796E-03, -1.48618E-03, -1.47504E-03, -1.42179E-03, -1.30897E-03, -1.11260E-03, -7.99711E-04, -3.24623E-04,  3.76241E-04,NA,NA,NA,NA,NA,NA,NA,NA,NA,NA,NA,NA,NA,NA,NA,NA,NA,NA,NA,NA,NA,NA,NA,NA,NA,NA, -8.14313E-05, -6.36110E-04, -1.00620E-03, -1.24364E-03, -1.38588E-03, -1.46006E-03, -1.48594E-03, -1.47793E-03, -1.44658E-03, -1.39959E-03, -1.34256E-03, -1.27959E-03, -1.21361E-03, -1.14673E-03, -1.08045E-03,NA,NA,NA,NA,NA,NA,
NA,NA,NA,NA,NA,NA, -1.43771E-03, -1.54186E-03, -1.65222E-03, -1.76833E-03, -1.88939E-03, -2.01401E-03, -2.14005E-03, -2.26429E-03, -2.38203E-03, -2.48649E-03, -2.56800E-03, -2.61286E-03, -2.60167E-03, -2.50698E-03, -2.28989E-03,NA,NA,NA,NA,NA,NA,NA,NA,NA,NA,NA,NA,NA,NA,NA,NA,NA,NA,NA,NA,NA,NA,NA,NA,NA,NA,NA,NA, -2.43921E-03, -2.57640E-03, -2.61647E-03, -2.59085E-03, -2.52178E-03, -2.42496E-03, -2.31147E-03, -2.18911E-03, -2.06333E-03, -1.93785E-03, -1.81519E-03, -1.69702E-03, -1.58434E-03, -1.47773E-03,NA,NA,NA,NA,NA,NA,
NA,NA,NA,NA,NA,NA, -1.83165E-03, -1.97606E-03, -2.13224E-03, -2.30074E-03, -2.48187E-03, -2.67565E-03, -2.88165E-03, -3.09873E-03, -3.32475E-03, -3.55607E-03, -3.78695E-03, -4.00861E-03, -4.20783E-03, -4.36507E-03,NA,NA,NA,NA,NA,NA,NA,NA,NA,NA,NA,NA,NA,NA,NA,NA,NA,NA,NA,NA,NA,NA,NA,NA,NA,NA,NA,NA,NA, -4.40932E-03, -4.27573E-03, -4.09017E-03, -3.87543E-03, -3.64690E-03, -3.41492E-03, -3.18630E-03, -2.96540E-03, -2.75488E-03, -2.55622E-03, -2.37012E-03, -2.19671E-03, -2.03576E-03, -1.88681E-03,NA,NA,NA,NA,NA,NA,
NA,NA,NA,NA,NA,NA, -2.23365E-03, -2.41964E-03, -2.62329E-03, -2.84617E-03, -3.08987E-03, -3.35598E-03, -3.64595E-03, -3.96098E-03, -4.30184E-03, -4.66856E-03, -5.06002E-03, -5.47331E-03, -5.90280E-03, -6.33884E-03,NA,NA,NA,NA,NA,NA,NA,NA,NA,NA,NA,NA,NA,NA,NA,NA,NA,NA,NA,NA,NA,NA,NA,NA,NA,NA,NA,NA,NA,NA, -6.07341E-03, -5.63992E-03, -5.21943E-03, -4.81896E-03, -4.44234E-03, -4.09130E-03, -3.76622E-03, -3.46657E-03, -3.19129E-03, -2.93899E-03, -2.70815E-03, -2.49716E-03, -2.30445E-03, -2.12847E-03,NA,NA,NA,NA,NA,
NA,NA,NA,NA,NA,NA, -2.64042E-03, -2.86871E-03, -3.12072E-03, -3.39911E-03, -3.70683E-03, -4.04707E-03, -4.42332E-03, -4.83932E-03, -5.29897E-03, -5.80631E-03, -6.36529E-03, -6.97955E-03, -7.65203E-03,NA,NA,NA,NA,NA,NA,NA,NA,NA,NA,NA,NA,NA,NA,NA,NA,NA,NA,NA,NA,NA,NA,NA,NA,NA,NA,NA,NA,NA,NA,NA, -7.93154E-03, -7.23572E-03, -6.59896E-03, -6.01875E-03, -5.49166E-03, -5.01382E-03, -4.58121E-03, -4.18985E-03, -3.83595E-03, -3.51590E-03, -3.22640E-03, -2.96439E-03, -2.72712E-03, -2.51207E-03,NA,NA,NA,NA,NA,
NA,NA,NA,NA,NA, -2.80432E-03, -3.04852E-03, -3.31921E-03, -3.61970E-03, -3.95377E-03, -4.32571E-03, -4.74042E-03, -5.20344E-03, -5.72109E-03, -6.30053E-03, -6.94990E-03, -7.67844E-03, -8.49662E-03, -9.41636E-03,NA,NA,NA,NA,NA,NA,NA,NA,NA,NA,NA,NA,NA,NA,NA,NA,NA,NA,NA,NA,NA,NA,NA,NA,NA,NA,NA,NA,NA,NA,NA, -9.80691E-03, -8.84383E-03, -7.98740E-03, -7.22510E-03, -6.54590E-03, -5.94011E-03, -5.39918E-03, -4.91558E-03, -4.48266E-03, -4.09459E-03, -3.74624E-03, -3.43308E-03, -3.15115E-03, -2.89695E-03,NA,NA,NA,NA,NA,
NA,NA,NA,NA,NA, -3.17349E-03, -3.45445E-03, -3.76696E-03, -4.11524E-03, -4.50417E-03, -4.93935E-03, -5.42732E-03, -5.97566E-03, -6.59319E-03, -7.29028E-03, -8.07907E-03, -8.97398E-03, -9.99214E-03, -1.11542E-02,NA,NA,NA,NA,NA,NA,NA,NA,NA,NA,NA,NA,NA,NA,NA,NA,NA,NA,NA,NA,NA,NA,NA,NA,NA,NA,NA,NA,NA,NA,NA,NA, -1.04286E-02, -9.35678E-03, -8.41585E-03, -7.58737E-03, -6.85595E-03, -6.20860E-03, -5.63431E-03, -5.12368E-03, -4.66866E-03, -4.26235E-03, -3.89878E-03, -3.57280E-03, -3.27996E-03,NA,NA,NA,NA,NA,
NA,NA,NA,NA,NA, -3.53805E-03, -3.85476E-03, -4.20788E-03, -4.60247E-03, -5.04443E-03, -5.54063E-03, -6.09913E-03, -6.72940E-03, -7.44262E-03, -8.25209E-03, -9.17369E-03, -1.02265E-02, -1.14339E-02, -1.28243E-02,NA,NA,NA,NA,NA,NA,NA,NA,NA,NA,NA,NA,NA,NA,NA,NA,NA,NA,NA,NA,NA,NA,NA,NA,NA,NA,NA,NA,NA,NA,NA,NA, -1.19546E-02, -1.06793E-02, -9.56900E-03, -8.59851E-03, -7.74720E-03, -6.99801E-03, -6.33671E-03, -5.75134E-03, -5.23178E-03, -4.76947E-03, -4.35709E-03, -3.98838E-03, -3.65798E-03,NA,NA,NA,NA,NA,
NA,NA,NA,NA,NA, -3.89518E-03, -4.24613E-03, -4.63802E-03, -5.07668E-03, -5.56893E-03, -6.12277E-03, -6.74762E-03, -7.45463E-03, -8.25705E-03, -9.17073E-03, -1.02148E-02, -1.14123E-02, -1.27917E-02, -1.43880E-02,NA,NA,NA,NA,NA,NA,NA,NA,NA,NA,NA,NA,NA,NA,NA,NA,NA,NA,NA,NA,NA,NA,NA,NA,NA,NA,NA,NA,NA,NA,NA,NA, -1.33885E-02, -1.19288E-02, -1.06638E-02, -9.56270E-03, -8.60047E-03, -7.75655E-03, -7.01390E-03, -6.35833E-03, -5.77790E-03, -5.26257E-03, -4.80380E-03, -4.39435E-03, -4.02802E-03,NA,NA,NA,NA,NA,
NA,NA,NA,NA,NA, -4.24228E-03, -4.62549E-03, -5.05376E-03, -5.53356E-03, -6.07252E-03, -6.67957E-03, -7.36531E-03, -8.14225E-03, -9.02535E-03, -1.00325E-02, -1.11854E-02, -1.25102E-02, -1.40391E-02, -1.58121E-02,NA,NA,NA,NA,NA,NA,NA,NA,NA,NA,NA,NA,NA,NA,NA,NA,NA,NA,NA,NA,NA,NA,NA,NA,NA,NA,NA,NA,NA,NA,NA,NA, -1.47015E-02, -1.30823E-02, -1.16818E-02, -1.04651E-02, -9.40371E-03, -8.47436E-03, -7.65780E-03, -6.93798E-03, -6.30148E-03, -5.73702E-03, -5.23503E-03, -4.78743E-03, -4.38729E-03,NA,NA,NA,NA,NA,
NA,NA,NA,NA,NA, -4.57698E-03, -4.99009E-03, -5.45184E-03, -5.96928E-03, -6.55064E-03, -7.20562E-03, -7.94570E-03, -8.78445E-03, -9.73807E-03, -1.08260E-02, -1.20715E-02, -1.35029E-02, -1.51550E-02, -1.70701E-02,NA,NA,NA,NA,NA,NA,NA,NA,NA,NA,NA,NA,NA,NA,NA,NA,NA,NA,NA,NA,NA,NA,NA,NA,NA,NA,NA,NA,NA,NA,NA,NA, -1.58706E-02, -1.41212E-02, -1.26079E-02, -1.12933E-02, -1.01467E-02, -9.14305E-03, -8.26143E-03, -7.48448E-03, -6.79766E-03, -6.18873E-03, -5.64733E-03, -5.16468E-03, -4.73329E-03,NA,NA,NA,NA,NA,
NA,NA,NA,NA,NA, -4.89724E-03, -5.33756E-03, -5.82954E-03, -6.38063E-03, -6.99953E-03, -7.69649E-03, -8.48356E-03, -9.37501E-03, -1.03878E-02, -1.15422E-02, -1.28625E-02, -1.43780E-02, -1.61241E-02, -1.81442E-02,NA,NA,NA,NA,NA,NA,NA,NA,NA,NA,NA,NA,NA,NA,NA,NA,NA,NA,NA,NA,NA,NA,NA,NA,NA,NA,NA,NA,NA,NA,NA,NA, -1.68795E-02, -1.50318E-02, -1.34307E-02, -1.20378E-02, -1.08216E-02, -9.75596E-03, -8.81920E-03, -7.99311E-03, -7.26243E-03, -6.61428E-03, -6.03776E-03, -5.52359E-03, -5.06387E-03,NA,NA,NA,NA,NA,
NA,NA,NA,NA,NA, -5.20140E-03, -5.66599E-03, -6.18465E-03, -6.76510E-03, -7.41632E-03, -8.14884E-03, -8.97504E-03, -9.90949E-03, -1.09695E-02, -1.21754E-02, -1.35517E-02, -1.51276E-02, -1.69380E-02, -1.90253E-02,NA,NA,NA,NA,NA,NA,NA,NA,NA,NA,NA,NA,NA,NA,NA,NA,NA,NA,NA,NA,NA,NA,NA,NA,NA,NA,NA,NA,NA,NA,NA,NA, -1.77195E-02, -1.58061E-02, -1.41430E-02, -1.26923E-02, -1.14229E-02, -1.03084E-02, -9.32703E-03, -8.46033E-03, -7.69273E-03, -7.01103E-03, -6.40403E-03, -5.86217E-03, -5.37726E-03,NA,NA,NA,NA,NA,
NA,NA,NA,NA,NA, -5.48818E-03, -5.97396E-03, -6.51561E-03, -7.12094E-03, -7.79905E-03, -8.56053E-03, -9.41779E-03, -1.03853E-02, -1.14803E-02, -1.27227E-02, -1.41363E-02, -1.57492E-02, -1.75949E-02, -1.97127E-02,NA,NA,NA,NA,NA,NA,NA,NA,NA,NA,NA,NA,NA,NA,NA,NA,NA,NA,NA,NA,NA,NA,NA,NA,NA,NA,NA,NA,NA,NA,NA, -2.06258E-02, -1.83890E-02, -1.64419E-02, -1.47422E-02, -1.32542E-02, -1.19478E-02, -1.07977E-02, -9.78250E-03, -8.88393E-03, -8.08655E-03, -7.37715E-03, -6.74450E-03, -6.17892E-03, -5.67213E-03,NA,NA,NA,NA,NA,
NA,NA,NA,NA,NA, -5.75671E-03, -6.26056E-03, -6.82144E-03, -7.44716E-03, -8.14673E-03, -8.93062E-03, -9.81096E-03, -1.08019E-02, -1.19199E-02, -1.31842E-02, -1.46173E-02, -1.62453E-02, -1.80989E-02, -2.02138E-02,NA,NA,NA,NA,NA,NA,NA,NA,NA,NA,NA,NA,NA,NA,NA,NA,NA,NA,NA,NA,NA,NA,NA,NA,NA,NA,NA,NA,NA,NA,NA, -2.11216E-02, -1.88934E-02, -1.69421E-02, -1.52297E-02, -1.37237E-02, -1.23962E-02, -1.12234E-02, -1.01848E-02, -9.26299E-03, -8.44290E-03, -7.71166E-03, -7.05818E-03, -6.47291E-03, -5.94759E-03,NA,NA,NA,NA,NA,
NA,NA,NA,NA,NA,NA, -6.52538E-03, -7.10183E-03, -7.74355E-03, -8.45934E-03, -9.25931E-03, -1.01552E-02, -1.11603E-02, -1.22903E-02, -1.35630E-02, -1.49992E-02, -1.66223E-02, -1.84598E-02, -2.05425E-02, -2.29057E-02,NA,NA,NA,NA,NA,NA,NA,NA,NA,NA,NA,NA,NA,NA,NA,NA,NA,NA,NA,NA,NA,NA,NA,NA,NA,NA,NA,NA,NA,NA, -2.14321E-02, -1.92440E-02, -1.73144E-02, -1.56108E-02, -1.41045E-02, -1.27704E-02, -1.15868E-02, -1.05348E-02, -9.59786E-03, -8.76184E-03, -8.01438E-03, -7.34479E-03, -6.74376E-03, -6.20322E-03,NA,NA,NA,NA,NA,
NA,NA,NA,NA,NA,NA, -6.76848E-03, -7.35701E-03, -8.01060E-03, -8.73770E-03, -9.54792E-03, -1.04523E-02, -1.14633E-02, -1.25954E-02, -1.38646E-02, -1.52895E-02, -1.68908E-02, -1.86918E-02, -2.07183E-02, -2.29986E-02,NA,NA,NA,NA,NA,NA,NA,NA,NA,NA,NA,NA,NA,NA,NA,NA,NA,NA,NA,NA,NA,NA,NA,NA,NA,NA,NA,NA,NA, -2.39668E-02, -2.15790E-02, -1.94567E-02, -1.75707E-02, -1.58941E-02, -1.44028E-02, -1.30749E-02, -1.18912E-02, -1.08346E-02, -9.89005E-03, -9.04437E-03, -8.28595E-03, -7.60466E-03, -6.99160E-03, -6.43898E-03,NA,NA,NA,NA,NA,
NA,NA,NA,NA,NA,NA, -6.99038E-03, -7.58777E-03, -8.24946E-03, -8.98343E-03, -9.79870E-03, -1.07055E-02, -1.17152E-02, -1.28407E-02, -1.40965E-02, -1.54985E-02, -1.70642E-02, -1.88127E-02, -2.07646E-02, -2.29411E-02,NA,NA,NA,NA,NA,NA,NA,NA,NA,NA,NA,NA,NA,NA,NA,NA,NA,NA,NA,NA,NA,NA,NA,NA,NA,NA,NA,NA,NA, -2.38589E-02, -2.15886E-02, -1.95514E-02, -1.77257E-02, -1.60908E-02, -1.46269E-02, -1.33159E-02, -1.21412E-02, -1.10878E-02, -1.01421E-02, -9.29233E-03, -8.52768E-03, -7.83870E-03, -7.21703E-03,NA,NA,NA,NA,NA,NA,
NA,NA,NA,NA,NA,NA, -7.19197E-03, -7.79535E-03, -8.46182E-03, -9.19882E-03, -1.00147E-02, -1.09187E-02, -1.19212E-02, -1.30334E-02, -1.42678E-02, -1.56379E-02, -1.71578E-02, -1.88426E-02, -2.07073E-02, -2.27666E-02, -2.50338E-02,NA,NA,NA,NA,NA,NA,NA,NA,NA,NA,NA,NA,NA,NA,NA,NA,NA,NA,NA,NA,NA,NA,NA,NA,NA,NA,NA, -2.59802E-02, -2.36287E-02, -2.14894E-02, -1.95502E-02, -1.77968E-02, -1.62142E-02, -1.47872E-02, -1.35013E-02, -1.23428E-02, -1.12988E-02, -1.03575E-02, -9.50829E-03, -8.74146E-03, -8.04832E-03, -7.42108E-03,NA,NA,NA,NA,NA,NA,
NA,NA,NA,NA,NA,NA,NA, -7.98137E-03, -8.64981E-03, -9.38667E-03, -1.01995E-02, -1.10968E-02, -1.20874E-02, -1.31813E-02, -1.43888E-02, -1.57208E-02, -1.71886E-02, -1.88029E-02, -2.05738E-02, -2.25100E-02, -2.46168E-02, -2.68957E-02,NA,NA,NA,NA,NA,NA,NA,NA,NA,NA,NA,NA,NA,NA,NA,NA,NA,NA,NA,NA,NA,NA,NA,NA,NA,NA, -2.54885E-02, -2.33141E-02, -2.13117E-02, -1.94769E-02, -1.78024E-02, -1.62786E-02, -1.48947E-02, -1.36398E-02, -1.25027E-02, -1.14729E-02, -1.05402E-02, -9.69536E-03, -8.92969E-03, -8.23532E-03, -7.60511E-03,NA,NA,NA,NA,NA,NA,
NA,NA,NA,NA,NA,NA,NA, -8.14771E-03, -8.81589E-03, -9.55013E-03, -1.03573E-02, -1.12448E-02, -1.22205E-02, -1.32928E-02, -1.44701E-02, -1.57610E-02, -1.71737E-02, -1.87154E-02, -2.03917E-02, -2.22055E-02, -2.41557E-02, -2.62356E-02,NA,NA,NA,NA,NA,NA,NA,NA,NA,NA,NA,NA,NA,NA,NA,NA,NA,NA,NA,NA,NA,NA,NA,NA,NA, -2.70822E-02, -2.49549E-02, -2.29528E-02, -2.10853E-02, -1.93553E-02, -1.77615E-02, -1.62991E-02, -1.49614E-02, -1.37406E-02, -1.26283E-02, -1.16158E-02, -1.06947E-02, -9.85701E-03, -9.09506E-03, -8.40180E-03, -7.77071E-03,NA,NA,NA,NA,NA,NA,
NA,NA,NA,NA,NA,NA,NA, -8.29645E-03, -8.96269E-03, -9.69257E-03, -1.04923E-02, -1.13683E-02, -1.23274E-02, -1.33766E-02, -1.45226E-02, -1.57720E-02, -1.71303E-02, -1.86016E-02, -2.01874E-02, -2.18861E-02, -2.36908E-02, -2.55884E-02,NA,NA,NA,NA,NA,NA,NA,NA,NA,NA,NA,NA,NA,NA,NA,NA,NA,NA,NA,NA,NA,NA,NA,NA,NA, -2.63519E-02, -2.44235E-02, -2.25805E-02, -2.08391E-02, -1.92087E-02, -1.76926E-02, -1.62905E-02, -1.49991E-02, -1.38133E-02, -1.27270E-02, -1.17334E-02, -1.08257E-02, -9.99693E-03, -9.24048E-03, -8.55003E-03, -7.91969E-03,NA,NA,NA,NA,NA,NA,
NA,NA,NA,NA,NA,NA,NA, -8.42973E-03, -9.09292E-03, -9.81739E-03, -1.06087E-02, -1.14724E-02, -1.24146E-02, -1.34409E-02, -1.45567E-02, -1.57668E-02, -1.70744E-02, -1.84812E-02, -1.99855E-02, -2.15821E-02, -2.32596E-02, -2.49995E-02,NA,NA,NA,NA,NA,NA,NA,NA,NA,NA,NA,NA,NA,NA,NA,NA,NA,NA,NA,NA,NA,NA,NA,NA,NA,NA, -2.39345E-02, -2.22299E-02, -2.06000E-02, -1.90586E-02, -1.76133E-02, -1.62669E-02, -1.50189E-02, -1.38667E-02, -1.28060E-02, -1.18316E-02, -1.09378E-02, -1.01188E-02, -9.36891E-03, -8.68237E-03, -8.05388E-03,NA,NA,NA,NA,NA,NA,
NA,NA,NA,NA,NA,NA, -7.94439E-03, -8.54966E-03, -9.20923E-03, -9.92787E-03, -1.07106E-02, -1.15624E-02, -1.24885E-02, -1.34936E-02, -1.45820E-02, -1.57570E-02, -1.70205E-02, -1.83719E-02, -1.98078E-02, -2.13200E-02, -2.28943E-02,NA,NA,NA,NA,NA,NA,NA,NA,NA,NA,NA,NA,NA,NA,NA,NA,NA,NA,NA,NA,NA,NA,NA,NA,NA,NA,NA,NA, -2.19299E-02, -2.03913E-02, -1.89243E-02, -1.75391E-02, -1.62410E-02, -1.50315E-02, -1.39095E-02, -1.28723E-02, -1.19158E-02, -1.10355E-02, -1.02263E-02, -9.48322E-03, -8.80111E-03, -8.17514E-03,NA,NA,NA,NA,NA,NA,
NA,NA,NA,NA,NA,NA, -8.05517E-03, -8.65826E-03, -9.31408E-03, -1.00271E-02, -1.08018E-02, -1.16428E-02, -1.25547E-02, -1.35415E-02, -1.46067E-02, -1.57528E-02, -1.69807E-02, -1.82889E-02, -1.96724E-02, -2.11219E-02,NA,NA,NA,NA,NA,NA,NA,NA,NA,NA,NA,NA,NA,NA,NA,NA,NA,NA,NA,NA,NA,NA,NA,NA,NA,NA,NA,NA,NA, -2.17042E-02, -2.02327E-02, -1.88219E-02, -1.74834E-02, -1.62238E-02, -1.50456E-02, -1.39489E-02, -1.29318E-02, -1.19911E-02, -1.11228E-02, -1.03227E-02, -9.58611E-03, -8.90845E-03, -8.28524E-03,NA,NA,NA,NA,NA,NA,
NA,NA,NA,NA,NA,NA, -8.15641E-03, -8.75734E-03, -9.40970E-03, -1.01177E-02, -1.08855E-02, -1.17175E-02, -1.26178E-02, -1.35902E-02, -1.46377E-02, -1.57625E-02, -1.69651E-02, -1.82436E-02, -1.95932E-02, -2.10044E-02,NA,NA,NA,NA,NA,NA,NA,NA,NA,NA,NA,NA,NA,NA,NA,NA,NA,NA,NA,NA,NA,NA,NA,NA,NA,NA,NA,NA,NA,NA, -2.01389E-02, -1.87638E-02, -1.74567E-02, -1.62240E-02, -1.50688E-02, -1.39912E-02, -1.29897E-02, -1.20616E-02, -1.12033E-02, -1.04109E-02, -9.67997E-03, -9.00634E-03, -8.38577E-03, -7.81416E-03,NA,NA,NA,NA,NA,
NA,NA,NA,NA,NA,NA, -8.24939E-03, -8.84846E-03, -9.49796E-03, -1.02019E-02, -1.09645E-02, -1.17898E-02, -1.26818E-02, -1.36442E-02, -1.46803E-02, -1.57921E-02, -1.69804E-02, -1.82442E-02, -1.95793E-02,NA,NA,NA,NA,NA,NA,NA,NA,NA,NA,NA,NA,NA,NA,NA,NA,NA,NA,NA,NA,NA,NA,NA,NA,NA,NA,NA,NA,NA,NA,NA, -2.01198E-02, -1.87586E-02, -1.74663E-02, -1.62481E-02, -1.51064E-02, -1.40409E-02, -1.30499E-02, -1.21308E-02, -1.12798E-02, -1.04932E-02, -9.76680E-03, -9.09647E-03, -8.47813E-03, -7.90785E-03,NA,NA,NA,NA,NA,
NA,NA,NA,NA,NA, -7.78345E-03, -8.33518E-03, -8.93286E-03, -9.58032E-03, -1.02815E-02, -1.10406E-02, -1.18618E-02, -1.27491E-02, -1.37065E-02, -1.47376E-02, -1.58450E-02, -1.70307E-02, -1.82947E-02, -1.96350E-02,NA,NA,NA,NA,NA,NA,NA,NA,NA,NA,NA,NA,NA,NA,NA,NA,NA,NA,NA,NA,NA,NA,NA,NA,NA,NA,NA,NA,NA,NA,NA, -2.01795E-02, -1.88104E-02, -1.75162E-02, -1.62998E-02, -1.51618E-02, -1.41012E-02, -1.31153E-02, -1.22010E-02, -1.13544E-02, -1.05716E-02, -9.84817E-03, -9.18015E-03, -8.56345E-03, -7.99418E-03,NA,NA,NA,NA,NA,
NA,NA,NA,NA,NA, -7.86327E-03, -8.41456E-03, -9.01148E-03, -9.65784E-03, -1.03577E-02, -1.11153E-02, -1.19350E-02, -1.28213E-02, -1.37786E-02, -1.48111E-02, -1.59227E-02, -1.71167E-02, -1.83953E-02, -1.97595E-02,NA,NA,NA,NA,NA,NA,NA,NA,NA,NA,NA,NA,NA,NA,NA,NA,NA,NA,NA,NA,NA,NA,NA,NA,NA,NA,NA,NA,NA,NA,NA, -2.03167E-02, -1.89191E-02, -1.76070E-02, -1.63801E-02, -1.52366E-02, -1.41736E-02, -1.31873E-02, -1.22738E-02, -1.14285E-02, -1.06471E-02, -9.92518E-03, -9.25837E-03, -8.64257E-03, -8.07386E-03,NA,NA,NA,NA,NA,
NA,NA,NA,NA,NA, -7.93680E-03, -8.48808E-03, -9.08486E-03, -9.73110E-03, -1.04310E-02, -1.11890E-02, -1.20100E-02, -1.28987E-02, -1.38605E-02, -1.49005E-02, -1.60241E-02, -1.72365E-02, -1.85427E-02, -1.99474E-02,NA,NA,NA,NA,NA,NA,NA,NA,NA,NA,NA,NA,NA,NA,NA,NA,NA,NA,NA,NA,NA,NA,NA,NA,NA,NA,NA,NA,NA,NA,NA,NA, -1.90806E-02, -1.77364E-02, -1.64878E-02, -1.53301E-02, -1.42580E-02, -1.32662E-02, -1.23495E-02, -1.15026E-02, -1.07205E-02, -9.99843E-03, -9.33171E-03, -8.71605E-03, -8.14741E-03,NA,NA,NA,NA,NA,
NA,NA,NA,NA,NA, -8.00433E-03, -8.55596E-03, -9.15325E-03, -9.80028E-03, -1.05015E-02, -1.12618E-02, -1.20862E-02, -1.29806E-02, -1.39509E-02, -1.50037E-02, -1.61460E-02, -1.73854E-02, -1.87301E-02, -2.01890E-02,NA,NA,NA,NA,NA,NA,NA,NA,NA,NA,NA,NA,NA,NA,NA,NA,NA,NA,NA,NA,NA,NA,NA,NA,NA,NA,NA,NA,NA,NA,NA,NA, -1.92870E-02, -1.78988E-02, -1.66192E-02, -1.54398E-02, -1.43528E-02, -1.33510E-02, -1.24277E-02, -1.15765E-02, -1.07918E-02, -1.00680E-02, -9.40035E-03, -8.78410E-03, -8.21506E-03,NA,NA,NA,NA,NA,
NA,NA,NA,NA,NA, -8.06587E-03, -8.61820E-03, -9.21651E-03, -9.86511E-03, -1.05688E-02, -1.13327E-02, -1.21627E-02, -1.30652E-02, -1.40474E-02, -1.51172E-02, -1.62835E-02, -1.75566E-02, -1.89480E-02, -2.04713E-02,NA,NA,NA,NA,NA,NA,NA,NA,NA,NA,NA,NA,NA,NA,NA,NA,NA,NA,NA,NA,NA,NA,NA,NA,NA,NA,NA,NA,NA,NA,NA,NA, -1.95277E-02, -1.80864E-02, -1.67685E-02, -1.55617E-02, -1.44552E-02, -1.34398E-02, -1.25070E-02, -1.16494E-02, -1.08603E-02, -1.01337E-02, -9.46415E-03, -8.84669E-03, -8.27685E-03,NA,NA,NA,NA,NA,
NA,NA,NA,NA,NA, -8.12129E-03, -8.67453E-03, -9.27424E-03, -9.92498E-03, -1.06319E-02, -1.14006E-02, -1.22376E-02, -1.31501E-02, -1.41465E-02, -1.52362E-02, -1.64302E-02, -1.77413E-02, -1.91847E-02, -2.07787E-02,NA,NA,NA,NA,NA,NA,NA,NA,NA,NA,NA,NA,NA,NA,NA,NA,NA,NA,NA,NA,NA,NA,NA,NA,NA,NA,NA,NA,NA,NA,NA,NA, -1.97896E-02, -1.82896E-02, -1.69286E-02, -1.56905E-02, -1.45613E-02, -1.35297E-02, -1.25853E-02, -1.17197E-02, -1.09251E-02, -1.01947E-02, -9.52262E-03, -8.90350E-03, -8.33258E-03,NA,NA,NA,NA,NA,
NA,NA,NA,NA,NA, -8.17025E-03, -8.72450E-03, -9.32579E-03, -9.97897E-03, -1.06895E-02, -1.14636E-02, -1.23084E-02, -1.32321E-02, -1.42439E-02, -1.53551E-02, -1.65785E-02, -1.79297E-02, -1.94273E-02, -2.10940E-02,NA,NA,NA,NA,NA,NA,NA,NA,NA,NA,NA,NA,NA,NA,NA,NA,NA,NA,NA,NA,NA,NA,NA,NA,NA,NA,NA,NA,NA,NA,NA,NA, -2.00581E-02, -1.84973E-02, -1.70913E-02, -1.58198E-02, -1.46664E-02, -1.36171E-02, -1.26601E-02, -1.17855E-02, -1.09846E-02, -1.02499E-02, -9.57500E-03, -8.95400E-03, -8.38188E-03,NA,NA,NA,NA,NA,
NA,NA,NA,NA,NA, -8.21231E-03, -8.76745E-03, -9.37028E-03, -1.00259E-02, -1.07402E-02, -1.15198E-02, -1.23726E-02, -1.33075E-02, -1.43350E-02, -1.54678E-02, -1.67205E-02, -1.81113E-02, -1.96620E-02, -2.13996E-02,NA,NA,NA,NA,NA,NA,NA,NA,NA,NA,NA,NA,NA,NA,NA,NA,NA,NA,NA,NA,NA,NA,NA,NA,NA,NA,NA,NA,NA,NA,NA,NA, -2.03182E-02, -1.86979E-02, -1.72474E-02, -1.59429E-02, -1.47651E-02, -1.36980E-02, -1.27282E-02, -1.18445E-02, -1.10372E-02, -1.02982E-02, -9.62032E-03, -8.99747E-03, -8.42423E-03,NA,NA,NA,NA,NA,
NA,NA,NA,NA,NA, -8.24689E-03, -8.80265E-03, -9.40671E-03, -1.00645E-02, -1.07821E-02, -1.15669E-02, -1.24271E-02, -1.33725E-02, -1.44148E-02, -1.55677E-02, -1.68479E-02, -1.82756E-02, -1.98754E-02, -2.16780E-02,NA,NA,NA,NA,NA,NA,NA,NA,NA,NA,NA,NA,NA,NA,NA,NA,NA,NA,NA,NA,NA,NA,NA,NA,NA,NA,NA,NA,NA,NA,NA, -2.24468E-02, -2.05549E-02, -1.88798E-02, -1.73880E-02, -1.60527E-02, -1.48521E-02, -1.37683E-02, -1.27864E-02, -1.18941E-02, -1.10809E-02, -1.03379E-02, -9.65746E-03, -9.03307E-03, -8.45900E-03,NA,NA,NA,NA,NA,
NA,NA,NA,NA,NA, -8.27338E-03, -8.82926E-03, -9.43401E-03, -1.00933E-02, -1.08135E-02, -1.16024E-02, -1.24689E-02, -1.34233E-02, -1.44783E-02, -1.56487E-02, -1.69527E-02, -1.84123E-02, -2.00545E-02, -2.19130E-02,NA,NA,NA,NA,NA,NA,NA,NA,NA,NA,NA,NA,NA,NA,NA,NA,NA,NA,NA,NA,NA,NA,NA,NA,NA,NA,NA,NA,NA,NA,NA, -2.27081E-02, -2.07541E-02, -1.90317E-02, -1.75041E-02, -1.61421E-02, -1.49217E-02, -1.38235E-02, -1.28313E-02, -1.19318E-02, -1.11137E-02, -1.03675E-02, -9.68523E-03, -9.05987E-03, -8.48548E-03,NA,NA,NA,NA,NA,
NA,NA,NA,NA,NA, -8.29110E-03, -8.84643E-03, -9.45107E-03, -1.01108E-02, -1.08326E-02, -1.16242E-02, -1.24950E-02, -1.34561E-02, -1.45208E-02, -1.57048E-02, -1.70274E-02, -1.85122E-02, -2.01878E-02, -2.20902E-02, -2.42641E-02,NA,NA,NA,NA,NA,NA,NA,NA,NA,NA,NA,NA,NA,NA,NA,NA,NA,NA,NA,NA,NA,NA,NA,NA,NA,NA,NA,NA,NA,NA, -2.29060E-02, -2.09032E-02, -1.91435E-02, -1.75878E-02, -1.62048E-02, -1.49690E-02, -1.38597E-02, -1.28598E-02, -1.19550E-02, -1.11336E-02, -1.03856E-02, -9.70241E-03, -9.07693E-03, -8.50294E-03,NA,NA,NA,NA,NA,
NA,NA,NA,NA,NA, -8.29943E-03, -8.85334E-03, -9.45683E-03, -1.01159E-02, -1.08375E-02, -1.16299E-02, -1.25028E-02, -1.34676E-02, -1.45381E-02, -1.57307E-02, -1.70656E-02, -1.85671E-02, -2.02653E-02, -2.21975E-02, -2.44100E-02,NA,NA,NA,NA,NA,NA,NA,NA,NA,NA,NA,NA,NA,NA,NA,NA,NA,NA,NA,NA,NA,NA,NA,NA,NA,NA,NA,NA,NA,NA, -2.30272E-02, -2.09915E-02, -1.92065E-02, -1.76320E-02, -1.62350E-02, -1.49893E-02, -1.38732E-02, -1.28688E-02, -1.19614E-02, -1.11388E-02, -1.03905E-02, -9.70783E-03, -9.08335E-03, -8.51069E-03,NA,NA,NA,NA,NA,
NA,NA,NA,NA,NA, -8.29777E-03, -8.84923E-03, -9.45034E-03, -1.01072E-02, -1.08269E-02, -1.16178E-02, -1.24899E-02, -1.34548E-02, -1.45265E-02, -1.57221E-02, -1.70618E-02, -1.85707E-02, -2.02793E-02, -2.22255E-02,NA,NA,NA,NA,NA,NA,NA,NA,NA,NA,NA,NA,NA,NA,NA,NA,NA,NA,NA,NA,NA,NA,NA,NA,NA,NA,NA,NA,NA,NA,NA, -2.30618E-02, -2.10104E-02, -1.92138E-02, -1.76307E-02, -1.62280E-02, -1.49787E-02, -1.38607E-02, -1.28558E-02, -1.19489E-02, -1.11275E-02, -1.03810E-02, -9.70044E-03, -9.07830E-03, -8.50807E-03, -7.98420E-03,NA,NA,NA,NA,
NA,NA,NA,NA,NA, -8.28561E-03, -8.83345E-03, -9.43077E-03, -1.00837E-02, -1.07994E-02, -1.15863E-02, -1.24544E-02, -1.34154E-02, -1.44834E-02, -1.56755E-02, -1.70120E-02, -1.85180E-02, -2.02240E-02, -2.21677E-02,NA,NA,NA,NA,NA,NA,NA,NA,NA,NA,NA,NA,NA,NA,NA,NA,NA,NA,NA,NA,NA,NA,NA,NA,NA,NA,NA,NA,NA,NA,NA, -2.30030E-02, -2.09542E-02, -1.91601E-02, -1.75798E-02, -1.61802E-02, -1.49342E-02, -1.38198E-02, -1.28188E-02, -1.19158E-02, -1.10985E-02, -1.03559E-02, -9.67936E-03, -9.06105E-03, -8.49452E-03, -7.97415E-03,NA,NA,NA,NA,
NA,NA,NA,NA, -7.76339E-03, -8.26254E-03, -8.80550E-03, -9.39750E-03, -1.00447E-02, -1.07541E-02, -1.15342E-02, -1.23949E-02, -1.33477E-02, -1.44068E-02, -1.55887E-02, -1.69137E-02, -1.84063E-02, -2.00964E-02, -2.20206E-02,NA,NA,NA,NA,NA,NA,NA,NA,NA,NA,NA,NA,NA,NA,NA,NA,NA,NA,NA,NA,NA,NA,NA,NA,NA,NA,NA,NA,NA,NA,NA,NA, -2.08194E-02, -1.90425E-02, -1.74765E-02, -1.60891E-02, -1.48538E-02, -1.37488E-02, -1.27562E-02, -1.18609E-02, -1.10506E-02, -1.03145E-02, -9.64389E-03, -9.03107E-03, -8.46958E-03, -7.95386E-03,NA,NA,NA,NA,
NA,NA,NA,NA, -7.73476E-03, -8.22829E-03, -8.76501E-03, -9.35010E-03, -9.98956E-03, -1.06904E-02, -1.14608E-02, -1.23105E-02, -1.32509E-02, -1.42955E-02, -1.54607E-02, -1.67658E-02, -1.82346E-02, -1.98956E-02,NA,NA,NA,NA,NA,NA,NA,NA,NA,NA,NA,NA,NA,NA,NA,NA,NA,NA,NA,NA,NA,NA,NA,NA,NA,NA,NA,NA,NA,NA,NA,NA,NA, -2.06055E-02, -1.88601E-02, -1.73198E-02, -1.59537E-02, -1.47363E-02, -1.36466E-02, -1.26671E-02, -1.17834E-02, -1.09832E-02, -1.02562E-02, -9.59357E-03, -8.98796E-03, -8.43297E-03, -7.92310E-03,NA,NA,NA,NA,
NA,NA,NA,NA, -7.69597E-03, -8.18272E-03, -8.71183E-03, -9.28836E-03, -9.91814E-03, -1.06080E-02, -1.13659E-02, -1.22011E-02, -1.31247E-02, -1.41496E-02, -1.52915E-02, -1.65687E-02, -1.80037E-02, -1.96233E-02,NA,NA,NA,NA,NA,NA,NA,NA,NA,NA,NA,NA,NA,NA,NA,NA,NA,NA,NA,NA,NA,NA,NA,NA,NA,NA,NA,NA,NA,NA,NA,NA,NA, -2.03144E-02, -1.86140E-02, -1.71102E-02, -1.57741E-02, -1.45817E-02, -1.35130E-02, -1.25514E-02, -1.16830E-02, -1.08961E-02, -1.01806E-02, -9.52818E-03, -8.93155E-03, -8.38452E-03, -7.88175E-03,NA,NA,NA,NA,
NA,NA,NA,NA, -7.64703E-03, -8.12584E-03, -8.64597E-03, -9.21230E-03, -9.83047E-03, -1.05070E-02, -1.12495E-02, -1.20669E-02, -1.29696E-02, -1.39698E-02, -1.50822E-02, -1.63241E-02, -1.77161E-02, -1.92831E-02,NA,NA,NA,NA,NA,NA,NA,NA,NA,NA,NA,NA,NA,NA,NA,NA,NA,NA,NA,NA,NA,NA,NA,NA,NA,NA,NA,NA,NA,NA,NA,NA,NA, -1.99504E-02, -1.83071E-02, -1.68498E-02, -1.55519E-02, -1.43910E-02, -1.33487E-02, -1.24094E-02, -1.15600E-02, -1.07893E-02, -1.00879E-02, -9.44776E-03, -8.86185E-03, -8.32426E-03, -7.82981E-03,NA,NA,NA,NA,
NA,NA,NA,NA, -7.58808E-03, -8.05780E-03, -8.56762E-03, -9.12220E-03, -9.72689E-03, -1.03879E-02, -1.11124E-02, -1.19087E-02, -1.27867E-02, -1.37577E-02, -1.48352E-02, -1.60350E-02, -1.73761E-02, -1.88807E-02,NA,NA,NA,NA,NA,NA,NA,NA,NA,NA,NA,NA,NA,NA,NA,NA,NA,NA,NA,NA,NA,NA,NA,NA,NA,NA,NA,NA,NA,NA,NA,NA,NA, -1.95198E-02, -1.79442E-02, -1.65420E-02, -1.52893E-02, -1.41660E-02, -1.31550E-02, -1.22421E-02, -1.14150E-02, -1.06635E-02, -9.97855E-03, -9.35260E-03, -8.77909E-03, -8.25235E-03, -7.76744E-03,NA,NA,NA,NA,
NA,NA,NA,NA, -7.51937E-03, -7.97893E-03, -8.47718E-03, -9.01851E-03, -9.60799E-03, -1.02514E-02, -1.09555E-02, -1.17280E-02, -1.25778E-02, -1.35155E-02, -1.45533E-02, -1.57055E-02, -1.69888E-02, -1.84231E-02,NA,NA,NA,NA,NA,NA,NA,NA,NA,NA,NA,NA,NA,NA,NA,NA,NA,NA,NA,NA,NA,NA,NA,NA,NA,NA,NA,NA,NA,NA,NA,NA,NA, -1.90306E-02, -1.75311E-02, -1.61912E-02, -1.49898E-02, -1.39091E-02, -1.29338E-02, -1.20509E-02, -1.12492E-02, -1.05194E-02, -9.85307E-03, -9.24322E-03, -8.68368E-03, -8.16912E-03, -7.69491E-03,NA,NA,NA,NA,
NA,NA,NA,NA, -7.44126E-03, -7.88966E-03, -8.37517E-03, -8.90191E-03, -9.47460E-03, -1.00986E-02, -1.07801E-02, -1.15262E-02, -1.23451E-02, -1.32462E-02, -1.42403E-02, -1.53403E-02, -1.65607E-02, -1.79186E-02,NA,NA,NA,NA,NA,NA,NA,NA,NA,NA,NA,NA,NA,NA,NA,NA,NA,NA,NA,NA,NA,NA,NA,NA,NA,NA,NA,NA,NA,NA,NA,NA,NA, -1.84918E-02, -1.70748E-02, -1.58027E-02, -1.46575E-02, -1.36236E-02, -1.26875E-02, -1.18376E-02, -1.10641E-02, -1.03582E-02, -9.71242E-03, -9.12033E-03, -8.57620E-03, -8.07507E-03, -7.61260E-03,NA,NA,NA,NA,
NA,NA,NA,NA, -7.35422E-03, -7.79055E-03, -8.26228E-03, -8.77324E-03, -9.32777E-03, -9.93079E-03, -1.05879E-02, -1.13056E-02, -1.20911E-02, -1.29529E-02, -1.39004E-02, -1.49447E-02, -1.60984E-02, -1.73758E-02,NA,NA,NA,NA,NA,NA,NA,NA,NA,NA,NA,NA,NA,NA,NA,NA,NA,NA,NA,NA,NA,NA,NA,NA,NA,NA,NA,NA,NA,NA,NA,NA,NA, -1.79131E-02, -1.65828E-02, -1.53825E-02, -1.42970E-02, -1.33130E-02, -1.24189E-02, -1.16046E-02, -1.08613E-02, -1.01812E-02, -9.55774E-03, -8.98485E-03, -8.45738E-03, -7.97078E-03, -7.52102E-03,NA,NA,NA,NA,
NA,NA,NA,NA, -7.25882E-03, -7.68226E-03, -8.13931E-03, -8.63346E-03, -9.16868E-03, -9.74942E-03, -1.03807E-02, -1.10683E-02, -1.18187E-02, -1.26391E-02, -1.35379E-02, -1.45243E-02, -1.56090E-02, -1.68039E-02,NA,NA,NA,NA,NA,NA,NA,NA,NA,NA,NA,NA,NA,NA,NA,NA,NA,NA,NA,NA,NA,NA,NA,NA,NA,NA,NA,NA,NA,NA,NA,NA,NA, -1.73044E-02, -1.60629E-02, -1.49366E-02, -1.39130E-02, -1.29811E-02, -1.21311E-02, -1.13542E-02, -1.06428E-02, -9.99021E-03, -9.39031E-03, -8.83784E-03, -8.32811E-03, -7.85698E-03, -7.42077E-03,NA,NA,NA,NA,
NA,NA,NA,NA,NA, -7.56556E-03, -8.00717E-03, -8.48367E-03, -8.99865E-03, -9.55609E-03, -1.01605E-02, -1.08168E-02, -1.15308E-02, -1.23086E-02, -1.31574E-02, -1.40848E-02, -1.50996E-02, -1.62114E-02, -1.74305E-02,NA,NA,NA,NA,NA,NA,NA,NA,NA,NA,NA,NA,NA,NA,NA,NA,NA,NA,NA,NA,NA,NA,NA,NA,NA,NA,NA,NA,NA,NA,NA,NA, -1.66752E-02, -1.55227E-02, -1.44711E-02, -1.35106E-02, -1.26320E-02, -1.18273E-02, -1.10891E-02, -1.04109E-02, -9.78681E-03, -9.21155E-03, -8.68046E-03, -8.18934E-03, -7.73447E-03, -7.31253E-03,NA,NA,NA,NA,
NA,NA,NA,NA,NA, -7.44126E-03, -7.86682E-03, -8.32503E-03, -8.81907E-03, -9.35248E-03, -9.92920E-03, -1.05536E-02, -1.12304E-02, -1.19650E-02, -1.27633E-02, -1.36316E-02, -1.45769E-02, -1.56066E-02, -1.67286E-02,NA,NA,NA,NA,NA,NA,NA,NA,NA,NA,NA,NA,NA,NA,NA,NA,NA,NA,NA,NA,NA,NA,NA,NA,NA,NA,NA,NA,NA,NA,NA, -1.71948E-02, -1.60343E-02, -1.49694E-02, -1.39920E-02, -1.30945E-02, -1.22696E-02, -1.15108E-02, -1.08120E-02, -1.01677E-02, -9.57284E-03, -9.02297E-03, -8.51396E-03, -8.04212E-03, -7.60414E-03, -7.19702E-03,NA,NA,NA,NA,
NA,NA,NA,NA,NA, -7.31021E-03, -7.71928E-03, -8.15874E-03, -8.63139E-03, -9.14032E-03, -9.68894E-03, -1.02810E-02, -1.09205E-02, -1.16119E-02, -1.23600E-02, -1.31698E-02, -1.40469E-02, -1.49968E-02, -1.60253E-02,NA,NA,NA,NA,NA,NA,NA,NA,NA,NA,NA,NA,NA,NA,NA,NA,NA,NA,NA,NA,NA,NA,NA,NA,NA,NA,NA,NA,NA,NA,NA, -1.64505E-02, -1.53897E-02, -1.44097E-02, -1.35048E-02, -1.26693E-02, -1.18977E-02, -1.11847E-02, -1.05254E-02, -9.91529E-03, -9.35014E-03, -8.82610E-03, -8.33963E-03, -7.88753E-03, -7.46688E-03,NA,NA,NA,NA,NA,
NA,NA,NA,NA,NA, -7.17330E-03, -7.56560E-03, -7.98602E-03, -8.43703E-03, -8.92129E-03, -9.44172E-03, -1.00014E-02, -1.06039E-02, -1.12525E-02, -1.19513E-02, -1.27042E-02, -1.35153E-02, -1.43886E-02, -1.53281E-02, -1.63375E-02,NA,NA,NA,NA,NA,NA,NA,NA,NA,NA,NA,NA,NA,NA,NA,NA,NA,NA,NA,NA,NA,NA,NA,NA,NA,NA,NA,NA,NA, -1.67523E-02, -1.57147E-02, -1.47483E-02, -1.38495E-02, -1.30145E-02, -1.22394E-02, -1.15199E-02, -1.08520E-02, -1.02320E-02, -9.65595E-03, -9.12053E-03, -8.62247E-03, -8.15877E-03, -7.72668E-03, -7.32366E-03,NA,NA,NA,NA,NA,
NA,NA,NA,NA,NA, -7.03143E-03, -7.40679E-03, -7.80808E-03, -8.23741E-03, -8.69705E-03, -9.18947E-03, -9.71725E-03, -1.02832E-02, -1.08901E-02, -1.15410E-02, -1.22389E-02, -1.29868E-02, -1.37874E-02, -1.46434E-02, -1.55566E-02, -1.65283E-02,NA,NA,NA,NA,NA,NA,NA,NA,NA,NA,NA,NA,NA,NA,NA,NA,NA,NA,NA,NA,NA,NA,NA,NA,NA,NA,NA,NA, -1.59300E-02, -1.49939E-02, -1.41158E-02, -1.32937E-02, -1.25255E-02, -1.18084E-02, -1.11395E-02, -1.05157E-02, -9.93407E-03, -9.39170E-03, -8.88576E-03, -8.41358E-03, -7.97267E-03, -7.56067E-03, -7.17540E-03,NA,NA,NA,NA,NA,
NA,NA,NA,NA,NA,NA, -7.24389E-03, -7.62609E-03, -8.03388E-03, -8.46917E-03, -8.93399E-03, -9.43048E-03, -9.96083E-03, -1.05273E-02, -1.11321E-02, -1.17775E-02, -1.24655E-02, -1.31978E-02, -1.39759E-02, -1.48006E-02, -1.56716E-02,NA,NA,NA,NA,NA,NA,NA,NA,NA,NA,NA,NA,NA,NA,NA,NA,NA,NA,NA,NA,NA,NA,NA,NA,NA,NA,NA, -1.60250E-02, -1.51360E-02, -1.42932E-02, -1.34969E-02, -1.27468E-02, -1.20416E-02, -1.13798E-02, -1.07593E-02, -1.01781E-02, -9.63392E-03, -9.12444E-03, -8.64748E-03, -8.20088E-03, -7.78256E-03, -7.39057E-03, -7.02304E-03,NA,NA,NA,NA,NA,
NA,NA,NA,NA,NA,NA, -7.07787E-03, -7.44118E-03, -7.82773E-03, -8.23911E-03, -8.67698E-03, -9.14304E-03, -9.63901E-03, -1.01666E-02, -1.07274E-02, -1.13230E-02, -1.19547E-02, -1.26234E-02, -1.33296E-02, -1.40732E-02, -1.48532E-02, -1.56675E-02,NA,NA,NA,NA,NA,NA,NA,NA,NA,NA,NA,NA,NA,NA,NA,NA,NA,NA,NA,NA,NA,NA,NA,NA,NA, -1.59949E-02, -1.51680E-02, -1.43743E-02, -1.36163E-02, -1.28953E-02, -1.22120E-02, -1.15659E-02, -1.09564E-02, -1.03821E-02, -9.84167E-03, -9.33352E-03, -8.85596E-03, -8.40726E-03, -7.98571E-03, -7.58963E-03, -7.21741E-03,NA,NA,NA,NA,NA,NA,
NA,NA,NA,NA,NA,NA,NA, -7.25439E-03, -7.62014E-03, -8.00822E-03, -8.41994E-03, -8.85664E-03, -9.31962E-03, -9.81012E-03, -1.03293E-02, -1.08781E-02, -1.14571E-02, -1.20669E-02, -1.27071E-02, -1.33771E-02, -1.40752E-02, -1.47989E-02, -1.55442E-02,NA,NA,NA,NA,NA,NA,NA,NA,NA,NA,NA,NA,NA,NA,NA,NA,NA,NA,NA,NA,NA,NA,NA, -1.58408E-02, -1.50883E-02, -1.43556E-02, -1.36471E-02, -1.29659E-02, -1.23139E-02, -1.16922E-02, -1.11011E-02, -1.05405E-02, -1.00099E-02, -9.50827E-03, -9.03466E-03, -8.58783E-03, -8.16649E-03, -7.76932E-03, -7.39498E-03, -7.04217E-03,NA,NA,NA,NA,NA,NA,
NA,NA,NA,NA,NA,NA,NA, -7.06670E-03, -7.41222E-03, -7.77771E-03, -8.16422E-03, -8.57276E-03, -9.00427E-03, -9.45963E-03, -9.93955E-03, -1.04445E-02, -1.09748E-02, -1.15303E-02, -1.21103E-02, -1.27137E-02, -1.33385E-02, -1.39818E-02, -1.46399E-02, -1.53075E-02,NA,NA,NA,NA,NA,NA,NA,NA,NA,NA,NA,NA,NA,NA,NA,NA,NA,NA,NA,NA,NA, -1.55700E-02, -1.49004E-02, -1.42379E-02, -1.35883E-02, -1.29558E-02, -1.23438E-02, -1.17544E-02, -1.11893E-02, -1.06491E-02, -1.01342E-02, -9.64453E-03, -9.17963E-03, -8.73888E-03, -8.32146E-03, -7.92644E-03, -7.55285E-03, -7.19963E-03,NA,NA,NA,NA,NA,NA,NA,
NA,NA,NA,NA,NA,NA,NA, -6.87900E-03, -7.20493E-03, -7.54867E-03, -7.91101E-03, -8.29269E-03, -8.69436E-03, -9.11658E-03, -9.55972E-03, -1.00240E-02, -1.05092E-02, -1.10149E-02, -1.15402E-02, -1.20836E-02, -1.26430E-02, -1.32154E-02, -1.37971E-02, -1.43833E-02, -1.49680E-02,NA,NA,NA,NA,NA,NA,NA,NA,NA,NA,NA,NA,NA,NA,NA,NA,NA,NA,NA, -1.51950E-02, -1.46127E-02, -1.40264E-02, -1.34423E-02, -1.28657E-02, -1.23008E-02, -1.17508E-02, -1.12182E-02, -1.07047E-02, -1.02114E-02, -9.73893E-03, -9.28753E-03, -8.85716E-03, -8.44750E-03, -8.05807E-03, -7.68824E-03, -7.33732E-03, -7.00451E-03,NA,NA,NA,NA,NA,NA,NA,
NA,NA,NA,NA,NA,NA,NA,NA, -6.99916E-03, -7.32205E-03, -7.66132E-03, -8.01750E-03, -8.39101E-03, -8.78213E-03, -9.19099E-03, -9.61747E-03, -1.00612E-02, -1.05215E-02, -1.09973E-02, -1.14868E-02, -1.19880E-02, -1.24979E-02, -1.30130E-02, -1.35288E-02, -1.40400E-02, -1.45406E-02, -1.50233E-02,NA,NA,NA,NA,NA,NA,NA,NA,NA,NA,NA,NA,NA,NA,NA, -1.52058E-02, -1.47320E-02, -1.42376E-02, -1.37298E-02, -1.32150E-02, -1.26991E-02, -1.21867E-02, -1.16817E-02, -1.11873E-02, -1.07060E-02, -1.02395E-02, -9.78915E-03, -9.35584E-03, -8.94006E-03, -8.54200E-03, -8.16162E-03, -7.79870E-03, -7.45287E-03, -7.12363E-03,NA,NA,NA,NA,NA,NA,NA,NA,
NA,NA,NA,NA,NA,NA,NA,NA,NA, -7.09865E-03, -7.41602E-03, -7.74811E-03, -8.09513E-03, -8.45719E-03, -8.83419E-03, -9.22584E-03, -9.63158E-03, -1.00505E-02, -1.04815E-02, -1.09228E-02, -1.13722E-02, -1.18270E-02, -1.22839E-02, -1.27389E-02, -1.31873E-02, -1.36237E-02, -1.40422E-02, -1.44364E-02, -1.47993E-02,NA,NA,NA,NA,NA,NA,NA,NA,NA,NA,NA, -1.49313E-02, -1.45825E-02, -1.41998E-02, -1.37900E-02, -1.33598E-02, -1.29155E-02, -1.24625E-02, -1.20058E-02, -1.15497E-02, -1.10979E-02, -1.06531E-02, -1.02179E-02, -9.79406E-03, -9.38302E-03, -8.98577E-03, -8.60299E-03, -8.23506E-03, -7.88216E-03, -7.54424E-03, -7.22114E-03, -6.91258E-03,NA,NA,NA,NA,NA,NA,NA,NA,
NA,NA,NA,NA,NA,NA,NA,NA,NA, -6.87917E-03, -7.17581E-03, -7.48521E-03, -7.80743E-03, -8.14241E-03, -8.48991E-03, -8.84950E-03, -9.22049E-03, -9.60193E-03, -9.99252E-03, -1.03906E-02, -1.07941E-02, -1.12004E-02, -1.16065E-02, -1.20088E-02, -1.24032E-02, -1.27851E-02, -1.31494E-02, -1.34909E-02, -1.38038E-02, -1.40826E-02, -1.43217E-02, -1.45162E-02, -1.46617E-02, -1.47549E-02, -1.47935E-02, -1.47766E-02, -1.47046E-02, -1.45792E-02, -1.44034E-02, -1.41812E-02, -1.39173E-02, -1.36171E-02, -1.32861E-02, -1.29301E-02, -1.25544E-02, -1.21643E-02, -1.17646E-02, -1.13596E-02, -1.09529E-02, -1.05480E-02, -1.01476E-02, -9.75382E-03, -9.36862E-03, -8.99341E-03, -8.62926E-03, -8.27696E-03, -7.93704E-03, -7.60981E-03, -7.29539E-03, -6.99377E-03,NA,NA,NA,NA,NA,NA,NA,NA,NA,
NA,NA,NA,NA,NA,NA,NA,NA,NA,NA, -6.94126E-03, -7.22936E-03, -7.52843E-03, -7.83827E-03, -8.15853E-03, -8.48868E-03, -8.82797E-03, -9.17539E-03, -9.52965E-03, -9.88911E-03, -1.02518E-02, -1.06154E-02, -1.09771E-02, -1.13337E-02, -1.16817E-02, -1.20170E-02, -1.23356E-02, -1.26327E-02, -1.29039E-02, -1.31446E-02, -1.33504E-02, -1.35173E-02, -1.36418E-02, -1.37215E-02, -1.37545E-02, -1.37400E-02, -1.36785E-02, -1.35712E-02, -1.34205E-02, -1.32295E-02, -1.30020E-02, -1.27422E-02, -1.24547E-02, -1.21440E-02, -1.18147E-02, -1.14711E-02, -1.11175E-02, -1.07574E-02, -1.03942E-02, -1.00308E-02, -9.66983E-03, -9.31333E-03, -8.96306E-03, -8.62045E-03, -8.28662E-03, -7.96241E-03, -7.64844E-03, -7.34513E-03, -7.05272E-03, -6.77132E-03,NA,NA,NA,NA,NA,NA,NA,NA,NA,
NA,NA,NA,NA,NA,NA,NA,NA,NA,NA,NA, -6.98100E-03, -7.25849E-03, -7.54503E-03, -7.84019E-03, -8.14337E-03, -8.45379E-03, -8.77042E-03, -9.09199E-03, -9.41696E-03, -9.74349E-03, -1.00694E-02, -1.03922E-02, -1.07092E-02, -1.10171E-02, -1.13126E-02, -1.15922E-02, -1.18519E-02, -1.20881E-02, -1.22970E-02, -1.24751E-02, -1.26192E-02, -1.27266E-02, -1.27951E-02, -1.28234E-02, -1.28110E-02, -1.27581E-02, -1.26657E-02, -1.25357E-02, -1.23706E-02, -1.21734E-02, -1.19474E-02, -1.16964E-02, -1.14242E-02, -1.11345E-02, -1.08310E-02, -1.05172E-02, -1.01963E-02, -9.87127E-03, -9.54470E-03, -9.21888E-03, -8.89578E-03, -8.57705E-03, -8.26407E-03, -7.95795E-03, -7.65957E-03, -7.36960E-03, -7.08852E-03, -6.81667E-03,NA,NA,NA,NA,NA,NA,NA,NA,NA,NA,
NA,NA,NA,NA,NA,NA,NA,NA,NA,NA,NA, -6.74040E-03, -6.99785E-03, -7.26285E-03, -7.53492E-03, -7.81343E-03, -8.09757E-03, -8.38635E-03, -8.67854E-03, -8.97270E-03, -9.26711E-03, -9.55981E-03, -9.84860E-03, -1.01310E-02, -1.04043E-02, -1.06656E-02, -1.09118E-02, -1.11398E-02, -1.13465E-02, -1.15288E-02, -1.16837E-02, -1.18088E-02, -1.19018E-02, -1.19612E-02, -1.19857E-02, -1.19749E-02, -1.19292E-02, -1.18491E-02, -1.17364E-02, -1.15928E-02, -1.14209E-02, -1.12234E-02, -1.10034E-02, -1.07639E-02, -1.05082E-02, -1.02392E-02, -9.96004E-03, -9.67345E-03, -9.38200E-03, -9.08801E-03, -8.79354E-03, -8.50039E-03, -8.21012E-03, -7.92403E-03, -7.64321E-03, -7.36853E-03, -7.10070E-03, -6.84025E-03,NA,NA,NA,NA,NA,NA,NA,NA,NA,NA,NA,
NA,NA,NA,NA,NA,NA,NA,NA,NA,NA,NA,NA, -6.74662E-03, -6.99173E-03, -7.24258E-03, -7.49855E-03, -7.75882E-03, -8.02242E-03, -8.28821E-03, -8.55482E-03, -8.82070E-03, -9.08408E-03, -9.34298E-03, -9.59523E-03, -9.83849E-03, -1.00703E-02, -1.02879E-02, -1.04889E-02, -1.06705E-02, -1.08303E-02, -1.09658E-02, -1.10749E-02, -1.11560E-02, -1.12076E-02, -1.12290E-02, -1.12196E-02, -1.11798E-02, -1.11101E-02, -1.10117E-02, -1.08863E-02, -1.07358E-02, -1.05624E-02, -1.03688E-02, -1.01573E-02, -9.93072E-03, -9.69166E-03, -9.44264E-03, -9.18607E-03, -8.92420E-03, -8.65907E-03, -8.39255E-03, -8.12627E-03, -7.86166E-03, -7.59996E-03, -7.34221E-03, -7.08927E-03, -6.84184E-03,NA,NA,NA,NA,NA,NA,NA,NA,NA,NA,NA,NA,
NA,NA,NA,NA,NA,NA,NA,NA,NA,NA,NA,NA,NA, -6.73158E-03, -6.96298E-03, -7.19835E-03, -7.43694E-03, -7.67779E-03, -7.91984E-03, -8.16183E-03, -8.40234E-03, -8.63978E-03, -8.87241E-03, -9.09831E-03, -9.31544E-03, -9.52167E-03, -9.71479E-03, -9.89257E-03, -1.00528E-02, -1.01934E-02, -1.03124E-02, -1.04082E-02, -1.04792E-02, -1.05244E-02, -1.05430E-02, -1.05349E-02, -1.05000E-02, -1.04390E-02, -1.03528E-02, -1.02427E-02, -1.01103E-02, -9.95750E-03, -9.78633E-03, -9.59895E-03, -9.39759E-03, -9.18446E-03, -8.96174E-03, -8.73152E-03, -8.49574E-03, -8.25623E-03, -8.01464E-03, -7.77246E-03, -7.53100E-03, -7.29141E-03, -7.05468E-03, -6.82164E-03,NA,NA,NA,NA,NA,NA,NA,NA,NA,NA,NA,NA,NA,
NA,NA,NA,NA,NA,NA,NA,NA,NA,NA,NA,NA,NA,NA, -6.69580E-03, -6.91239E-03, -7.13127E-03, -7.35156E-03, -7.57227E-03, -7.79223E-03, -8.01016E-03, -8.22464E-03, -8.43411E-03, -8.63691E-03, -8.83126E-03, -9.01532E-03, -9.18720E-03, -9.34503E-03, -9.48696E-03, -9.61124E-03, -9.71626E-03, -9.80059E-03, -9.86307E-03, -9.90279E-03, -9.91919E-03, -9.91201E-03, -9.88137E-03, -9.82771E-03, -9.75180E-03, -9.65473E-03, -9.53781E-03, -9.40258E-03, -9.25076E-03, -9.08415E-03, -8.90463E-03, -8.71409E-03, -8.51438E-03, -8.30732E-03, -8.09461E-03, -7.87785E-03, -7.65852E-03, -7.43797E-03, -7.21738E-03, -6.99784E-03, -6.78025E-03,NA,NA,NA,NA,NA,NA,NA,NA,NA,NA,NA,NA,NA,NA,
NA,NA,NA,NA,NA,NA,NA,NA,NA,NA,NA,NA,NA,NA,NA,NA, -6.84113E-03, -7.04284E-03, -7.24434E-03, -7.44457E-03, -7.64238E-03, -7.83648E-03, -8.02552E-03, -8.20801E-03, -8.38243E-03, -8.54718E-03, -8.70066E-03, -8.84126E-03, -8.96742E-03, -9.07769E-03, -9.17071E-03, -9.24531E-03, -9.30052E-03, -9.33560E-03, -9.35007E-03, -9.34373E-03, -9.31668E-03, -9.26928E-03, -9.20216E-03, -9.11622E-03, -9.01256E-03, -8.89245E-03, -8.75732E-03, -8.60869E-03, -8.44816E-03, -8.27734E-03, -8.09782E-03, -7.91116E-03, -7.71887E-03, -7.52235E-03, -7.32292E-03, -7.12179E-03, -6.92005E-03, -6.71867E-03,NA,NA,NA,NA,NA,NA,NA,NA,NA,NA,NA,NA,NA,NA,NA,
NA,NA,NA,NA,NA,NA,NA,NA,NA,NA,NA,NA,NA,NA,NA,NA,NA, -6.75071E-03, -6.93491E-03, -7.11746E-03, -7.29731E-03, -7.47332E-03, -7.64427E-03, -7.80888E-03, -7.96582E-03, -8.11370E-03, -8.25115E-03, -8.37680E-03, -8.48934E-03, -8.58752E-03, -8.67023E-03, -8.73648E-03, -8.78546E-03, -8.81656E-03, -8.82939E-03, -8.82377E-03, -8.79979E-03, -8.75775E-03, -8.69817E-03, -8.62180E-03, -8.52954E-03, -8.42248E-03, -8.30181E-03, -8.16882E-03, -8.02486E-03, -7.87130E-03, -7.70953E-03, -7.54090E-03, -7.36672E-03, -7.18824E-03, -7.00662E-03, -6.82294E-03, -6.63821E-03,NA,NA,NA,NA,NA,NA,NA,NA,NA,NA,NA,NA,NA,NA,NA,NA,
NA,NA,NA,NA,NA,NA,NA,NA,NA,NA,NA,NA,NA,NA,NA,NA,NA,NA, -6.64289E-03, -6.80957E-03, -6.97336E-03, -7.13326E-03, -7.28819E-03, -7.43701E-03, -7.57857E-03, -7.71166E-03, -7.83511E-03, -7.94775E-03, -8.04846E-03, -8.13618E-03, -8.20999E-03, -8.26903E-03, -8.31265E-03, -8.34033E-03, -8.35175E-03, -8.34675E-03, -8.32541E-03, -8.28798E-03, -8.23490E-03, -8.16678E-03, -8.08440E-03, -7.98865E-03, -7.88055E-03, -7.76120E-03, -7.63174E-03, -7.49335E-03, -7.34723E-03, -7.19456E-03, -7.03648E-03, -6.87408E-03, -6.70841E-03,NA,NA,NA,NA,NA,NA,NA,NA,NA,NA,NA,NA,NA,NA,NA,NA,NA,NA,
NA,NA,NA,NA,NA,NA,NA,NA,NA,NA,NA,NA,NA,NA,NA,NA,NA,NA,NA,NA, -6.66906E-03, -6.81460E-03, -6.95528E-03, -7.09013E-03, -7.21812E-03, -7.33822E-03, -7.44940E-03, -7.55067E-03, -7.64106E-03, -7.71970E-03, -7.78577E-03, -7.83858E-03, -7.87756E-03, -7.90229E-03, -7.91248E-03, -7.90802E-03, -7.88896E-03, -7.85551E-03, -7.80806E-03, -7.74710E-03, -7.67329E-03, -7.58740E-03, -7.49027E-03, -7.38285E-03, -7.26612E-03, -7.14110E-03, -7.00882E-03, -6.87030E-03, -6.72655E-03,NA,NA,NA,NA,NA,NA,NA,NA,NA,NA,NA,NA,NA,NA,NA,NA,NA,NA,NA,NA,
NA,NA,NA,NA,NA,NA,NA,NA,NA,NA,NA,NA,NA,NA,NA,NA,NA,NA,NA,NA,NA,NA, -6.64373E-03, -6.76617E-03, -6.88216E-03, -6.99080E-03, -7.09120E-03, -7.18250E-03, -7.26388E-03, -7.33458E-03, -7.39391E-03, -7.44130E-03, -7.47625E-03, -7.49841E-03, -7.50754E-03, -7.50354E-03, -7.48647E-03, -7.45649E-03, -7.41391E-03, -7.35919E-03, -7.29286E-03, -7.21558E-03, -7.12807E-03, -7.03113E-03, -6.92561E-03, -6.81240E-03, -6.69237E-03,NA,NA,NA,NA,NA,NA,NA,NA,NA,NA,NA,NA,NA,NA,NA,NA,NA,NA,NA,NA,NA,NA,
NA,NA,NA,NA,NA,NA,NA,NA,NA,NA,NA,NA,NA,NA,NA,NA,NA,NA,NA,NA,NA,NA,NA,NA, -6.56862E-03, -6.66713E-03, -6.75802E-03, -6.84054E-03, -6.91401E-03, -6.97775E-03, -7.03120E-03, -7.07385E-03, -7.10529E-03, -7.12521E-03, -7.13341E-03, -7.12982E-03, -7.11447E-03, -7.08751E-03, -7.04921E-03, -6.99993E-03, -6.94015E-03, -6.87042E-03, -6.79135E-03, -6.70365E-03, -6.60804E-03,NA,NA,NA,NA,NA,NA,NA,NA,NA,NA,NA,NA,NA,NA,NA,NA,NA,NA,NA,NA,NA,NA,NA,NA,
NA,NA,NA,NA,NA,NA,NA,NA,NA,NA,NA,NA,NA,NA,NA,NA,NA,NA,NA,NA,NA,NA,NA,NA,NA,NA,NA,NA, -6.58890E-03, -6.64653E-03, -6.69481E-03, -6.73331E-03, -6.76167E-03, -6.77963E-03, -6.78703E-03, -6.78379E-03, -6.76995E-03, -6.74563E-03, -6.71107E-03, -6.66657E-03, -6.61254E-03, -6.54945E-03,NA,NA,NA,NA,NA,NA,NA,NA,NA,NA,NA,NA,NA,NA,NA,NA,NA,NA,NA,NA,NA,NA,NA,NA,NA,NA,NA,
NA,NA,NA,NA,NA,NA,NA,NA,NA,NA,NA,NA,NA,NA,NA,NA,NA,NA,NA,NA,NA,NA,NA,NA,NA,NA,NA,NA,NA,NA,NA,NA,NA,NA,NA,NA,NA,NA,NA,NA,NA,NA,NA,NA,NA,NA,NA,NA,NA,NA,NA,NA,NA,NA,NA,NA,NA,NA,NA,NA,NA,NA,NA,NA,NA,NA,NA,NA,NA,
NA,NA,NA,NA,NA,NA,NA,NA,NA,NA,NA,NA,NA,NA,NA,NA,NA,NA,NA,NA,NA,NA,NA,NA,NA,NA,NA,NA,NA,NA,NA,NA,NA,NA,NA,NA,NA,NA,NA,NA,NA,NA,NA,NA,NA,NA,NA,NA,NA,NA,NA,NA,NA,NA,NA,NA,NA,NA,NA,NA,NA,NA,NA,NA,NA,NA,NA,NA,NA,
NA,NA,NA,NA,NA,NA,NA,NA,NA,NA,NA,NA,NA,NA,NA,NA,NA,NA,NA,NA,NA,NA,NA,NA,NA,NA,NA,NA,NA,NA,NA,NA,NA,NA,NA,NA,NA,NA,NA,NA,NA,NA,NA,NA,NA,NA,NA,NA,NA,NA,NA,NA,NA,NA,NA,NA,NA,NA,NA,NA,NA,NA,NA,NA,NA,NA,NA,NA,NA,
NA,NA,NA,NA,NA,NA,NA,NA,NA,NA,NA,NA,NA,NA,NA,NA,NA,NA,NA,NA,NA,NA,NA,NA,NA,NA,NA,NA,NA,NA,NA,NA,NA,NA,NA,NA,NA,NA,NA,NA,NA,NA,NA,NA,NA,NA,NA,NA,NA,NA,NA,NA,NA,NA,NA,NA,NA,NA,NA,NA,NA,NA,NA,NA,NA,NA,NA,NA,NA,
